iteration,mean_reward,success_rate,lift_rate,min_xy_after_lift,bowl_radius_after_lift_rate,tight_radius_after_lift_rate,object_to_bowl_xy_reward,lifting_reward,lift_progress_reward
2500,5.28,0.0,0.507,0.209,0.0,0.0,0.0739,0.2533,0.0967
2501,14.03,0.0,0.7772,0.2886,0.0,0.0,0.3286,1.2938,0.4489
2502,23.49,0.0,0.8418,0.2852,0.0,0.0,0.5452,2.5727,0.8761
2503,34.23,0.0,0.8513,0.2875,0.0,0.0,0.7205,3.7804,1.2779
2504,42.94,0.0,0.8522,0.2867,0.0,0.0,0.9008,4.9672,1.6734
2505,48.78,0.0,0.8766,0.2845,0.0,0.0,1.0945,6.229,2.0944
2506,62.46,0.0,0.8597,0.2839,0.0,0.0,1.2747,7.4456,2.5007
2507,70.5,0.0,0.8864,0.2887,0.0,0.0,1.4814,8.9265,2.995
2508,79.46,0.0,0.8815,0.2895,0.0,0.0,1.6581,10.1121,3.3894
2509,79.92,0.0,0.844,0.2816,0.0,0.0,1.733,10.5868,3.5466
2510,87.21,0.0,0.8993,0.2885,0.0,0.0,1.8299,11.2321,3.7633
2511,82.88,0.0,0.8831,0.2882,0.0,0.0,1.7916,11.017,3.6902
2512,80.52,0.0,0.8685,0.2885,0.0,0.0,1.7995,11.0486,3.7014
2513,85.04,0.0,0.8749,0.2831,0.0,0.0,1.805,10.9727,3.6761
2514,83.67,0.0,0.8468,0.2868,0.0,0.0,1.7461,10.6775,3.5773
2515,90.56,0.0,0.9059,0.2815,0.0,0.0,1.8983,11.5058,3.8548
2516,86.51,0.0,0.8823,0.2804,0.0,0.0,1.8437,11.1307,3.7283
2517,91.11,0.0,0.87,0.2804,0.0,0.0,1.8329,11.1057,3.7213
2518,80.12,0.0,0.8536,0.2796,0.0,0.0,1.7797,10.7462,3.6
2519,90.56,0.0,0.8815,0.2807,0.0,0.0,1.8567,11.2402,3.7662
2520,85.62,0.0,0.8756,0.2787,0.0,0.0,1.8246,11.0193,3.692
2521,80.71,0.0,0.8507,0.2767,0.0,0.0,1.7633,10.6133,3.5553
2522,83.95,0.0,0.8804,0.2815,0.0,0.0,1.853,11.2343,3.7639
2523,87.74,0.0,0.8673,0.2795,0.0,0.0,1.8086,10.9345,3.6631
2524,82.65,0.0,0.86,0.2779,0.0,0.0,1.813,10.9753,3.6765
2525,83.48,0.0,0.8533,0.2776,0.0,0.0,1.7793,10.7228,3.5911
2526,89.23,0.0,0.8597,0.2726,0.0,0.0,1.8124,10.8853,3.6458
2527,81.73,0.0,0.8721,0.2794,0.0,0.0,1.8342,11.0886,3.7145
2528,84.18,0.0,0.8433,0.2799,0.0,0.0,1.7673,10.644,3.5653
2529,83.58,0.0,0.8467,0.2766,0.0,0.0,1.7745,10.6586,3.5702
2530,81.13,0.0,0.8559,0.2803,0.0,0.0,1.773,10.7143,3.5891
2531,86.62,0.0,0.8488,0.2818,0.0,0.0,1.755,10.6683,3.5729
2532,85.48,0.0,0.8574,0.2732,0.0,0.0,1.8134,10.8898,3.6489
2533,86.9,0.0,0.883,0.2755,0.0,0.0,1.8627,11.2053,3.7545
2534,83.61,0.0,0.8656,0.2814,0.0,0.0,1.8157,10.9607,3.6722
2535,89.14,0.0,0.8812,0.2762,0.0,0.0,1.8757,11.2702,3.7746
2536,86.49,0.0,0.8592,0.2774,0.0,0.0,1.8036,10.8361,3.6296
2537,85.08,0.0,0.8829,0.2776,0.0,0.0,1.8612,11.1828,3.7466
2538,82.92,0.0,0.8051,0.2757,0.0,0.0,1.7003,10.1308,3.3949
2539,86.02,0.0,0.8781,0.2762,0.0,0.0,1.8283,10.9783,3.6773
2540,91.71,0.0,0.8631,0.2706,0.0,0.0,1.8158,10.8171,3.6236
2541,83.86,0.0,0.843,0.2724,0.0,0.0,1.7921,10.672,3.5752
2542,86.26,0.0023,0.8858,0.2712,0.0023,0.0023,1.8666,11.1061,3.7189
2543,88.55,0.0,0.88,0.2723,0.0,0.0,1.8512,11.036,3.6976
2544,86.0,0.0,0.8626,0.2726,0.0,0.0,1.8542,11.1037,3.7196
2545,81.41,0.0,0.8634,0.2731,0.0,0.0,1.8089,10.7881,3.6141
2546,87.78,0.0,0.8797,0.2692,0.0,0.0,1.8798,11.1286,3.7282
2547,86.16,0.0,0.8857,0.2692,0.0,0.0,1.8822,11.1151,3.7238
2548,88.6,0.0,0.8946,0.2691,0.0,0.0,1.9103,11.2527,3.7693
2549,87.14,0.0,0.8683,0.268,0.0,0.0,1.8871,11.0793,3.711
2550,81.93,0.0,0.8345,0.2704,0.0,0.0,1.7821,10.4754,3.5091
2551,85.28,0.0,0.8564,0.2704,0.0,0.0,1.8518,10.9017,3.652
2552,86.42,0.0,0.8607,0.2708,0.0,0.0,1.8607,10.9764,3.6771
2553,93.04,0.0,0.8956,0.2725,0.0,0.0,1.9278,11.3566,3.8047
2554,87.07,0.0,0.8684,0.2735,0.0,0.0,1.8516,10.9138,3.6556
2555,86.26,0.0,0.8552,0.2759,0.0,0.0,1.8339,10.9029,3.6525
2556,81.28,0.0,0.8437,0.2737,0.0,0.0,1.8097,10.7363,3.5972
2557,87.5,0.0,0.8734,0.2766,0.0,0.0,1.8599,11.0193,3.6918
2558,79.17,0.0,0.8462,0.2746,0.0,0.0,1.8045,10.6285,3.5602
2559,78.89,0.0,0.8761,0.2743,0.0,0.0,1.8872,11.1013,3.719
2560,84.58,0.0,0.8513,0.274,0.0,0.0,1.8265,10.7359,3.5967
2561,89.76,0.0,0.8638,0.2751,0.0,0.0,1.8664,11.0051,3.6871
2562,83.17,0.0,0.8409,0.276,0.0,0.0,1.8042,10.5877,3.5465
2563,76.62,0.0,0.839,0.2781,0.0,0.0,1.8058,10.6385,3.5632
2564,82.8,0.0,0.8661,0.2733,0.0,0.0,1.8784,10.9588,3.6712
2565,82.89,0.0,0.8415,0.2702,0.0,0.0,1.8361,10.6887,3.5801
2566,81.02,0.0,0.8579,0.2722,0.0,0.0,1.8678,10.8768,3.6436
2567,81.93,0.0,0.8683,0.2711,0.0,0.0,1.8974,11.1062,3.7211
2568,89.97,0.0,0.8719,0.2709,0.0,0.0,1.893,10.9981,3.6831
2569,86.08,0.0,0.8572,0.2726,0.0,0.0,1.8748,10.9384,3.6643
2570,88.94,0.0,0.8783,0.2691,0.0,0.0,1.9184,11.1274,3.7267
2571,86.32,0.0,0.8559,0.2662,0.0,0.0,1.881,10.851,3.6346
2572,83.45,0.0,0.8591,0.2711,0.0,0.0,1.8726,10.8627,3.6387
2573,87.63,0.0,0.8686,0.2682,0.0,0.0,1.9154,11.026,3.6927
2574,90.22,0.0,0.8915,0.2692,0.0,0.0,1.9534,11.2876,3.7804
2575,86.01,0.0,0.8569,0.2687,0.0,0.0,1.8714,10.8608,3.6386
2576,94.21,0.0,0.8626,0.2729,0.0,0.0,1.8819,10.9164,3.6571
2577,81.51,0.0,0.846,0.2701,0.0,0.0,1.8508,10.739,3.5968
2578,84.37,0.0,0.8612,0.2706,0.0,0.0,1.8732,10.8775,3.6437
2579,90.32,0.0,0.8551,0.2746,0.0,0.0,1.8705,10.8827,3.6456
2580,82.29,0.0,0.8562,0.2712,0.0,0.0,1.8488,10.6945,3.5827
2581,91.73,0.0,0.9068,0.2678,0.0,0.0,1.988,11.4487,3.8354
2582,85.94,0.0,0.8896,0.2715,0.0,0.0,1.925,11.089,3.7153
2583,81.91,0.0,0.8725,0.2697,0.0,0.0,1.908,11.0636,3.7065
2584,88.29,0.0,0.8466,0.2689,0.0,0.0,1.8386,10.5941,3.548
2585,86.92,0.0,0.8749,0.2689,0.0,0.0,1.9275,11.1076,3.7212
2586,86.95,0.0,0.8558,0.2698,0.0,0.0,1.8994,10.9217,3.6594
2587,88.36,0.0,0.8381,0.2637,0.0,0.0,1.8397,10.5126,3.5219
2588,85.58,0.0,0.8806,0.2625,0.0,0.0,1.9656,11.2047,3.754
2589,84.74,0.0,0.8689,0.2661,0.0,0.0,1.9282,11.0457,3.6991
2590,77.75,0.0,0.8404,0.2653,0.0,0.0,1.8468,10.4691,3.5054
2591,90.43,0.0,0.8692,0.2642,0.0,0.0,1.9397,11.0055,3.6864
2592,92.27,0.0,0.8788,0.268,0.0,0.0,1.9693,11.2183,3.7577
2593,81.12,0.0,0.8469,0.265,0.0,0.0,1.8678,10.549,3.5324
2594,77.05,0.0019,0.8316,0.2617,0.0019,0.0019,1.8239,10.237,3.4281
2595,83.77,0.0,0.8638,0.2606,0.0,0.0,1.9068,10.706,3.5852
2596,91.56,0.0,0.8649,0.2618,0.0,0.0,1.9264,10.8866,3.6466
2597,91.54,0.0,0.8646,0.2633,0.0,0.0,1.9361,10.9374,3.6647
2598,91.65,0.0,0.8834,0.263,0.0,0.0,1.991,11.2843,3.7791
2599,83.49,0.0,0.8732,0.2602,0.0,0.0,1.9403,10.915,3.6558
2600,87.65,0.0,0.8471,0.2611,0.0,0.0,1.902,10.7083,3.5854
2601,82.18,0.0,0.8535,0.2602,0.0,0.0,1.9158,10.7341,3.5955
2602,86.8,0.0,0.8317,0.2608,0.0,0.0,1.8634,10.4605,3.5026
2603,86.97,0.0,0.8624,0.2602,0.0,0.0,1.9513,10.9698,3.6747
2604,86.17,0.0,0.8548,0.2597,0.0,0.0,1.8875,10.5369,3.5284
2605,79.05,0.0,0.8406,0.2601,0.0,0.0,1.8828,10.5564,3.5355
2606,83.61,0.0,0.8609,0.2614,0.0,0.0,1.9297,10.807,3.6196
2607,91.01,0.0,0.8708,0.2597,0.0,0.0,1.9584,10.9431,3.664
2608,85.76,0.0,0.8697,0.2591,0.0,0.0,1.9655,10.9377,3.6632
2609,81.14,0.0,0.8752,0.2614,0.0,0.0,1.9731,11.0353,3.696
2610,83.64,0.0,0.8586,0.2586,0.0,0.0,1.9486,10.8686,3.6405
2611,87.47,0.0,0.8926,0.2561,0.0,0.0,2.0064,11.169,3.7414
2612,87.13,0.0,0.8736,0.2591,0.0,0.0,1.9595,10.9056,3.6516
2613,84.56,0.0,0.8756,0.2611,0.0,0.0,1.9887,11.1269,3.7273
2614,78.47,0.0,0.8343,0.2565,0.0,0.0,1.9093,10.5383,3.5296
2615,89.76,0.0,0.8663,0.2545,0.0,0.0,1.9784,10.905,3.6512
2616,81.72,0.0,0.8465,0.2608,0.0,0.0,1.9253,10.6544,3.5676
2617,80.98,0.0,0.8599,0.2576,0.0,0.0,1.9546,10.7696,3.6064
2618,83.8,0.0,0.8667,0.2597,0.0,0.0,1.9667,10.8571,3.6347
2619,89.09,0.0,0.8838,0.2565,0.0,0.0,2.0184,11.0796,3.7104
2620,86.42,0.0,0.8569,0.2619,0.0,0.0,1.9162,10.5475,3.5318
2621,81.4,0.0,0.8695,0.2613,0.0,0.0,1.9702,10.8845,3.6446
2622,89.07,0.0,0.8576,0.2586,0.0,0.0,1.9756,10.784,3.6043
2623,83.51,0.0,0.8708,0.2588,0.0,0.0,1.9819,10.9339,3.6627
2624,88.94,0.0,0.8857,0.2606,0.0,0.0,2.0405,11.2048,3.7527
2625,87.64,0.0,0.8863,0.2584,0.0,0.0,2.042,11.1694,3.7405
2626,81.78,0.0,0.865,0.2597,0.0,0.0,1.9655,10.6837,3.5769
2627,88.63,0.0,0.8652,0.261,0.0,0.0,1.9804,10.8913,3.648
2628,79.72,0.0,0.8631,0.2617,0.0,0.0,2.0191,10.9342,3.644
2629,86.1,0.0,0.8806,0.261,0.0,0.0,2.0252,11.0442,3.6994
2630,89.38,0.0,0.8881,0.2591,0.0,0.0,2.0611,11.2554,3.7689
2631,82.84,0.0,0.8722,0.2598,0.0,0.0,2.0052,10.9473,3.6659
2632,86.74,0.0,0.8406,0.2601,0.0,0.0,1.9487,10.6374,3.5615
2633,83.41,0.0,0.8344,0.2597,0.0,0.0,1.9293,10.5599,3.5349
2634,86.29,0.0026,0.8803,0.2579,0.0026,0.0026,2.0449,11.1194,3.7224
2635,89.55,0.0,0.8684,0.2566,0.0,0.0,2.0322,11.0292,3.6925
2636,78.81,0.0,0.8311,0.26,0.0,0.0,1.9251,10.4108,3.4869
2637,83.49,0.0,0.8856,0.2588,0.0,0.0,2.0583,11.1892,3.7478
2638,87.9,0.0021,0.8797,0.2528,0.0021,0.0021,2.0486,11.0575,3.7024
2639,85.33,0.0,0.8677,0.2609,0.0,0.0,2.0396,11.1359,3.7311
2640,78.28,0.0,0.8226,0.2606,0.0,0.0,1.911,10.4031,3.4847
2641,84.07,0.0,0.8712,0.2613,0.0,0.0,1.9965,10.8406,3.6302
2642,88.27,0.0,0.9063,0.2581,0.0,0.0,2.0762,11.2665,3.7719
2643,81.41,0.0,0.8277,0.2529,0.0,0.0,1.9282,10.3634,3.4699
2644,88.66,0.0,0.8653,0.257,0.0,0.0,2.024,10.9653,3.6728
2645,83.08,0.0,0.8558,0.2585,0.0,0.0,1.9772,10.7821,3.611
2646,90.11,0.0,0.8907,0.2574,0.0,0.0,2.0828,11.2469,3.7664
2647,84.83,0.0,0.8642,0.2605,0.0,0.0,2.0324,11.0436,3.6983
2648,82.8,0.0,0.8484,0.2588,0.0,0.0,1.9441,10.5298,3.5256
2649,84.32,0.0,0.8484,0.254,0.0,0.0,2.0066,10.8032,3.6193
2650,85.14,0.0,0.854,0.2574,0.0,0.0,1.9803,10.7004,3.5845
2651,89.63,0.0025,0.8692,0.2534,0.0025,0.0,2.0173,10.8705,3.6398
2652,85.87,0.0,0.8691,0.2576,0.0,0.0,2.0201,10.9396,3.6636
2653,89.7,0.0,0.8629,0.2575,0.0,0.0,1.9774,10.7955,3.6152
2654,84.55,0.0,0.8446,0.2653,0.0,0.0,1.949,10.744,3.599
2655,90.84,0.0,0.8875,0.2615,0.0,0.0,2.041,11.1559,3.7373
2656,86.14,0.0,0.8748,0.2616,0.0,0.0,1.9863,10.8636,3.6374
2657,79.58,0.0,0.8602,0.2577,0.0,0.0,1.9882,10.8898,3.6481
2658,92.1,0.0,0.8821,0.2568,0.0,0.0,2.0244,11.1319,3.7272
2659,88.17,0.0,0.8664,0.257,0.0,0.0,2.0111,11.0203,3.6914
2660,83.76,0.0,0.8557,0.2557,0.0,0.0,1.9822,10.7813,3.6097
2661,85.05,0.0,0.8371,0.2588,0.0,0.0,1.9365,10.6168,3.5556
2662,83.66,0.0,0.8743,0.2555,0.0,0.0,2.0401,11.0978,3.7169
2663,87.17,0.0,0.8668,0.2569,0.0,0.0,2.0269,11.0366,3.6975
2664,84.79,0.0,0.8471,0.2587,0.0,0.0,1.9611,10.6503,3.5683
2665,87.22,0.0,0.8923,0.2563,0.0,0.0,2.083,11.3097,3.7884
2666,87.7,0.0,0.849,0.2554,0.0,0.0,1.9882,10.7384,3.5969
2667,82.48,0.0,0.8573,0.2556,0.0,0.0,1.9586,10.5645,3.5378
2668,90.78,0.0,0.849,0.2549,0.0,0.0,1.9819,10.6696,3.574
2669,85.14,0.0,0.8725,0.2547,0.0,0.0,2.0588,11.0978,3.7153
2670,83.51,0.0,0.829,0.254,0.0,0.0,1.9574,10.4953,3.5148
2671,91.13,0.0,0.8524,0.2495,0.0,0.0,2.0007,10.6907,3.5803
2672,86.09,0.0,0.8444,0.255,0.0,0.0,1.9824,10.6283,3.5585
2673,88.53,0.0,0.8681,0.2523,0.0,0.0,2.0381,10.8732,3.641
2674,85.51,0.0,0.8581,0.251,0.0,0.0,2.0234,10.7222,3.5896
2675,88.78,0.0,0.871,0.2514,0.0,0.0,2.0833,11.0098,3.6869
2676,82.33,0.0,0.8627,0.2517,0.0,0.0,2.0717,10.9478,3.6665
2677,80.76,0.0,0.8837,0.2505,0.0,0.0,2.0703,10.9476,3.6663
2678,88.73,0.0,0.8679,0.2494,0.0,0.0,2.0251,10.6588,3.5678
2679,83.7,0.0,0.8963,0.252,0.0,0.0,2.1123,11.2609,3.7697
2680,90.48,0.0,0.873,0.2554,0.0,0.0,2.052,10.908,3.6531
2681,84.83,0.0,0.8192,0.2592,0.0,0.0,1.9593,10.4699,3.5072
2682,89.64,0.0,0.8856,0.2521,0.0,0.0,2.1084,11.2016,3.7525
2683,82.2,0.0,0.886,0.2535,0.0,0.0,2.1067,11.2648,3.7739
2684,88.24,0.0,0.8595,0.252,0.0,0.0,2.0391,10.7933,3.6131
2685,88.27,0.0026,0.8718,0.2489,0.0026,0.0,2.0689,10.9322,3.6603
2686,86.51,0.0,0.8825,0.2454,0.0,0.0,2.1185,11.1657,3.7385
2687,83.93,0.0,0.8221,0.2525,0.0,0.0,1.9536,10.3808,3.4767
2688,88.91,0.0,0.8692,0.2473,0.0,0.0,2.0623,10.8795,3.6439
2689,82.06,0.0,0.8352,0.2442,0.0,0.0,1.996,10.524,3.5242
2690,87.59,0.0,0.8678,0.2444,0.0,0.0,2.0665,10.8613,3.6369
2691,85.62,0.0,0.8689,0.2456,0.0,0.0,2.0586,10.8565,3.6336
2692,85.36,0.0,0.8528,0.2453,0.0,0.0,2.0087,10.5885,3.5447
2693,72.46,0.0,0.8483,0.25,0.0,0.0,2.0017,10.6191,3.5572
2694,84.1,0.0,0.8685,0.2471,0.0,0.0,2.05,10.822,3.6241
2695,94.84,0.0,0.891,0.2487,0.0,0.0,2.1088,11.1585,3.7354
2696,91.81,0.0,0.88,0.2436,0.0,0.0,2.1286,11.1541,3.7363
2697,83.42,0.0,0.8906,0.245,0.0,0.0,2.1225,11.154,3.7349
2698,87.13,0.0,0.8796,0.2439,0.0,0.0,2.1151,11.1223,3.7255
2699,84.36,0.0,0.8635,0.2447,0.0,0.0,2.0472,10.8203,3.6227
2700,88.11,0.0,0.8685,0.246,0.0,0.0,2.0631,10.8612,3.6371
2701,88.15,0.0,0.8753,0.2417,0.0,0.0,2.135,11.2112,3.7552
2702,87.32,0.0,0.8625,0.2405,0.0,0.0,2.0495,10.7193,3.5884
2703,90.92,0.0,0.8679,0.2424,0.0,0.0,2.0914,10.9997,3.6844
2704,86.44,0.0,0.8442,0.243,0.0,0.0,1.9978,10.5212,3.5224
2705,90.18,0.0,0.8688,0.2452,0.0,0.0,2.0676,10.9112,3.652
2706,86.15,0.0,0.852,0.2395,0.0,0.0,2.0262,10.5934,3.5464
2707,86.69,0.0,0.8977,0.2436,0.0,0.0,2.1444,11.3221,3.7911
2708,86.31,0.0,0.8748,0.2439,0.0,0.0,2.1104,11.0436,3.6974
2709,91.27,0.0,0.8989,0.2414,0.0,0.0,2.1697,11.3503,3.7997
2710,90.45,0.0025,0.8959,0.2401,0.0025,0.0,2.1413,11.109,3.7175
2711,86.97,0.0,0.8632,0.2438,0.0,0.0,2.0596,10.7607,3.6047
2712,85.36,0.0,0.8588,0.2399,0.0,0.0,2.0494,10.5938,3.5442
2713,89.29,0.0,0.8891,0.2374,0.0,0.0,2.1683,11.2316,3.7617
2714,95.31,0.0,0.9041,0.2383,0.0,0.0,2.1822,11.2486,3.7652
2715,83.58,0.0,0.8716,0.2398,0.0,0.0,2.1058,10.9076,3.6519
2716,86.73,0.0015,0.8578,0.2359,0.0015,0.0015,2.0697,10.7033,3.5826
2717,90.91,0.0,0.8904,0.2374,0.0,0.0,2.1257,10.9393,3.6628
2718,89.08,0.0,0.8763,0.2382,0.0,0.0,2.1415,11.087,3.7139
2719,80.18,0.0,0.8573,0.2384,0.0,0.0,2.0357,10.5191,3.5205
2720,90.05,0.0,0.9093,0.2353,0.0,0.0,2.2377,11.5004,3.8521
2721,93.55,0.0,0.8863,0.2364,0.0,0.0,2.1789,11.2524,3.7688
2722,94.78,0.0,0.8949,0.2344,0.0,0.0,2.1838,11.1787,3.7429
2723,85.48,0.0,0.8551,0.2332,0.0,0.0,2.0883,10.6988,3.5837
2724,84.72,0.0,0.8599,0.2347,0.0,0.0,2.0944,10.7968,3.6159
2725,84.28,0.0,0.8837,0.2342,0.0,0.0,2.1375,10.9875,3.6785
2726,88.8,0.003,0.8447,0.2302,0.003,0.003,2.0745,10.6569,3.5681
2727,82.09,0.0,0.8681,0.2329,0.0,0.0,2.1469,10.9909,3.6808
2728,89.07,0.0,0.8525,0.235,0.0,0.0,2.0541,10.654,3.5687
2729,79.77,0.0,0.854,0.2343,0.0,0.0,2.0829,10.7476,3.5989
2730,85.55,0.0,0.8718,0.233,0.0,0.0,2.1456,11.0345,3.6935
2731,88.69,0.0,0.8684,0.228,0.0,0.0,2.1377,10.8168,3.6141
2732,81.29,0.0,0.8598,0.2318,0.0,0.0,2.0775,10.6024,3.5502
2733,86.91,0.0,0.8871,0.2302,0.0,0.0,2.1698,11.1474,3.7327
2734,82.68,0.0,0.8798,0.2275,0.0,0.0,2.1553,10.9667,3.6724
2735,87.0,0.0,0.9001,0.23,0.0,0.0,2.1549,11.0225,3.69
2736,89.53,0.0,0.8474,0.232,0.0,0.0,2.0748,10.6977,3.5802
2737,84.95,0.0,0.8702,0.2296,0.0,0.0,2.1179,10.8958,3.6499
2738,78.68,0.0,0.836,0.2301,0.0,0.0,2.0252,10.3715,3.472
2739,88.12,0.0,0.8614,0.2296,0.0,0.0,2.1036,10.8192,3.6228
2740,87.11,0.0,0.875,0.2324,0.0,0.0,2.1229,10.9386,3.6628
2741,85.98,0.0,0.8651,0.2313,0.0,0.0,2.1279,10.9336,3.6614
2742,89.84,0.0,0.8644,0.2309,0.0,0.0,2.0874,10.7458,3.5968
2743,91.76,0.0,0.9059,0.2292,0.0,0.0,2.2271,11.3873,3.8139
2744,88.63,0.0,0.8797,0.2281,0.0,0.0,2.1787,11.1207,3.7244
2745,88.93,0.0,0.8604,0.2315,0.0,0.0,2.083,10.663,3.5717
2746,89.85,0.0,0.8716,0.2302,0.0,0.0,2.148,11.0273,3.6925
2747,84.57,0.0,0.8674,0.232,0.0,0.0,2.0921,10.766,3.604
2748,77.81,0.0,0.822,0.2317,0.0,0.0,2.0121,10.2785,3.4426
2749,87.1,0.0,0.8932,0.2283,0.0,0.0,2.2061,11.2329,3.7624
2750,88.72,0.0,0.8601,0.2308,0.0,0.0,2.1214,10.8555,3.6358
2751,90.4,0.0,0.8848,0.2301,0.0,0.0,2.1728,11.1019,3.7163
2752,85.64,0.0,0.8826,0.2312,0.0,0.0,2.1346,10.89,3.6466
2753,88.68,0.002,0.8608,0.2323,0.002,0.002,2.0877,10.6717,3.572
2754,88.81,0.0,0.8799,0.2306,0.0,0.0,2.1729,11.1155,3.7231
2755,91.29,0.0,0.8904,0.2311,0.0,0.0,2.2031,11.255,3.7689
2756,82.23,0.0,0.8804,0.2289,0.0,0.0,2.186,11.1272,3.726
2757,87.01,0.0,0.8696,0.2291,0.0,0.0,2.1508,10.9468,3.6668
2758,87.64,0.0,0.8438,0.2277,0.0,0.0,2.0731,10.52,3.5225
2759,85.43,0.0,0.8704,0.2297,0.0,0.0,2.1697,11.0502,3.7011
2760,91.38,0.0,0.8704,0.2307,0.0,0.0,2.1592,11.0539,3.7026
2761,85.04,0.0,0.8444,0.2297,0.0,0.0,2.0916,10.6872,3.5786
2762,83.32,0.0,0.8692,0.2324,0.0,0.0,2.1429,10.9871,3.6781
2763,90.27,0.0,0.8996,0.2305,0.0,0.0,2.2094,11.2602,3.7721
2764,87.53,0.0,0.8511,0.2339,0.0,0.0,2.1131,10.842,3.6308
2765,93.26,0.0,0.9106,0.2297,0.0,0.0,2.2559,11.5281,3.8612
2766,81.36,0.0,0.8651,0.2281,0.0,0.0,2.1098,10.7219,3.5883
2767,92.23,0.0,0.8938,0.2313,0.0,0.0,2.1846,11.1924,3.7478
2768,94.24,0.0,0.9022,0.2282,0.0,0.0,2.2218,11.296,3.7837
2769,83.22,0.0,0.8787,0.2259,0.0,0.0,2.1453,10.8935,3.6461
2770,85.42,0.0,0.8596,0.2234,0.0,0.0,2.1389,10.8037,3.6173
2771,87.08,0.0,0.8362,0.2266,0.0,0.0,2.0705,10.4964,3.5155
2772,86.81,0.0025,0.8588,0.2254,0.0025,0.0025,2.135,10.8336,3.6275
2773,81.54,0.0,0.8801,0.2267,0.0,0.0,2.201,11.2035,3.7519
2774,87.81,0.0,0.8867,0.2248,0.0,0.0,2.1858,11.0208,3.6905
2775,83.18,0.0,0.8538,0.2264,0.0,0.0,2.1134,10.7448,3.599
2776,84.29,0.0,0.883,0.2241,0.0,0.0,2.208,11.2079,3.7547
2777,93.7,0.0,0.8811,0.2248,0.0,0.0,2.2104,11.1842,3.7457
2778,80.96,0.0046,0.8603,0.2258,0.0046,0.0,2.1208,10.7133,3.5884
2779,84.58,0.0,0.8409,0.2255,0.0,0.0,2.1093,10.6484,3.5662
2780,89.59,0.0,0.8728,0.2265,0.0,0.0,2.1637,10.9549,3.6684
2781,87.69,0.0,0.8887,0.2256,0.0,0.0,2.201,11.1014,3.7178
2782,81.46,0.0,0.849,0.2242,0.0,0.0,2.1158,10.6695,3.5727
2783,83.78,0.0,0.8923,0.2265,0.0,0.0,2.2445,11.3276,3.7934
2784,84.21,0.0,0.8821,0.2238,0.0,0.0,2.2169,11.146,3.7326
2785,88.21,0.0,0.8807,0.2233,0.0,0.0,2.2087,11.1204,3.7244
2786,89.06,0.0,0.8971,0.2244,0.0,0.0,2.2476,11.3421,3.7971
2787,88.86,0.0,0.8633,0.2244,0.0,0.0,2.1618,10.8902,3.6471
2788,89.19,0.0,0.8805,0.2228,0.0,0.0,2.1948,11.023,3.6903
2789,88.66,0.0,0.8799,0.2202,0.0,0.0,2.1843,10.9483,3.6662
2790,90.15,0.0,0.8732,0.219,0.0,0.0,2.215,11.1169,3.7238
2791,91.89,0.0,0.8907,0.2201,0.0,0.0,2.2408,11.2456,3.766
2792,82.18,0.0,0.8747,0.2171,0.0,0.0,2.2305,11.125,3.7259
2793,91.6,0.0,0.8466,0.2186,0.0,0.0,2.1531,10.7301,3.5938
2794,82.92,0.0,0.8547,0.2213,0.0,0.0,2.179,10.8834,3.6462
2795,93.64,0.0,0.8645,0.2204,0.0,0.0,2.194,10.9402,3.6638
2796,89.13,0.0,0.8711,0.2232,0.0,0.0,2.1985,11.0146,3.6886
2797,89.03,0.0,0.8689,0.2198,0.0,0.0,2.1779,10.8392,3.63
2798,89.24,0.0,0.9022,0.2196,0.0,0.0,2.2934,11.3791,3.8107
2799,83.66,0.0,0.8515,0.2225,0.0,0.0,2.157,10.828,3.6259
2800,87.11,0.0,0.8641,0.2186,0.0,0.0,2.2083,10.905,3.6515
2801,94.34,0.0,0.8975,0.2177,0.0,0.0,2.2811,11.2713,3.7756
2802,87.4,0.0,0.8467,0.2161,0.0,0.0,2.1563,10.7015,3.5835
2803,88.37,0.003,0.8698,0.2156,0.003,0.0,2.1962,10.8593,3.6357
2804,96.34,0.0,0.8614,0.2145,0.0,0.0,2.2298,10.9905,3.6724
2805,87.64,0.0,0.8915,0.2153,0.0,0.0,2.2862,11.3175,3.7912
2806,87.72,0.0,0.9079,0.2154,0.0,0.0,2.3125,11.4465,3.8326
2807,85.68,0.0,0.8811,0.2162,0.0,0.0,2.2387,11.0848,3.7106
2808,84.67,0.0,0.8792,0.2134,0.0,0.0,2.2551,11.1307,3.7275
2809,92.8,0.0,0.9039,0.212,0.0,0.0,2.3049,11.3311,3.7961
2810,92.19,0.0,0.8904,0.2088,0.0,0.0,2.2868,11.2186,3.7554
2811,89.66,0.0,0.8551,0.2102,0.0,0.0,2.1857,10.7507,3.5985
2812,87.84,0.0,0.8609,0.2118,0.0,0.0,2.202,10.8416,3.6299
2813,92.25,0.0,0.8975,0.2096,0.0,0.0,2.2893,11.2446,3.7656
2814,84.57,0.0,0.8395,0.2122,0.0,0.0,2.1544,10.6659,3.5732
2815,89.01,0.0,0.8936,0.2098,0.0,0.0,2.3197,11.3598,3.8044
2816,87.16,0.0,0.8709,0.212,0.0,0.0,2.2271,10.988,3.679
2817,88.25,0.0,0.8821,0.2094,0.0,0.0,2.2536,11.0554,3.7016
2818,82.78,0.0,0.8625,0.2097,0.0,0.0,2.2061,10.8226,3.6241
2819,91.87,0.0,0.8675,0.2106,0.0,0.0,2.2035,10.8427,3.6307
2820,90.41,0.0,0.8632,0.2087,0.0,0.0,2.2079,10.8077,3.6199
2821,90.43,0.0,0.9079,0.2116,0.0,0.0,2.3122,11.382,3.8116
2822,89.86,0.0,0.8753,0.2091,0.0,0.0,2.236,11.0157,3.6886
2823,94.71,0.0,0.9075,0.2077,0.0,0.0,2.3362,11.4584,3.8374
2824,94.68,0.0,0.8799,0.2088,0.0,0.0,2.2649,11.1567,3.7361
2825,85.98,0.0,0.8622,0.2107,0.0,0.0,2.2256,10.9973,3.6833
2826,90.24,0.0,0.8712,0.2086,0.0,0.0,2.2346,10.9586,3.6699
2827,85.38,0.0,0.863,0.2095,0.0,0.0,2.2256,10.9485,3.6673
2828,90.14,0.0,0.8629,0.208,0.0,0.0,2.2024,10.8092,3.6184
2829,95.57,0.0,0.8824,0.2116,0.0,0.0,2.2627,11.2322,3.7618
2830,91.48,0.0,0.8745,0.2051,0.0,0.0,2.2627,11.1287,3.7269
2831,90.35,0.0,0.8967,0.2067,0.0,0.0,2.3258,11.4237,3.8265
2832,92.2,0.0,0.8941,0.2045,0.0,0.0,2.2895,11.227,3.7592
2833,87.8,0.0,0.8577,0.2017,0.0,0.0,2.218,10.8439,3.6324
2834,84.73,0.0,0.868,0.203,0.0,0.0,2.2192,10.8772,3.6413
2835,94.7,0.0,0.9021,0.2036,0.0,0.0,2.2989,11.2276,3.7585
2836,91.06,0.0,0.8907,0.2021,0.0,0.0,2.292,11.2511,3.7684
2837,86.87,0.0,0.8592,0.201,0.0,0.0,2.235,10.9235,3.6578
2838,89.24,0.0,0.8609,0.2044,0.0,0.0,2.188,10.7874,3.6126
2839,91.56,0.0,0.8829,0.204,0.0,0.0,2.2609,11.1192,3.7223
2840,91.23,0.0,0.8904,0.2028,0.0,0.0,2.3017,11.2977,3.7836
2841,89.05,0.0,0.8835,0.2022,0.0,0.0,2.2753,11.1198,3.7239
2842,97.32,0.0,0.8938,0.2034,0.0,0.0,2.3021,11.3513,3.8006
2843,86.79,0.0,0.8697,0.2045,0.0,0.0,2.2214,10.931,3.6603
2844,81.37,0.0,0.8755,0.2022,0.0,0.0,2.2415,10.968,3.6725
2845,90.55,0.0,0.8994,0.2036,0.0,0.0,2.3,11.3046,3.7862
2846,92.91,0.0,0.8808,0.2039,0.0,0.0,2.2419,11.0756,3.7079
2847,94.9,0.0,0.8727,0.2006,0.0,0.0,2.2614,10.9885,3.6796
2848,81.2,0.0,0.8767,0.199,0.0,0.0,2.2579,11.0044,3.6836
2849,90.22,0.0,0.8982,0.2017,0.0,0.0,2.3222,11.34,3.7981
2850,88.06,0.0,0.8759,0.2007,0.0,0.0,2.2469,10.9707,3.6729
2851,84.18,0.0,0.863,0.1994,0.0,0.0,2.2215,10.8283,3.6257
2852,87.68,0.0,0.8704,0.202,0.0,0.0,2.2471,11.0037,3.6841
2853,90.44,0.0,0.8854,0.1994,0.0,0.0,2.3038,11.2271,3.7601
2854,87.73,0.0,0.8929,0.1988,0.0,0.0,2.3252,11.3166,3.7878
2855,88.54,0.0,0.8712,0.1984,0.0,0.0,2.2437,10.8759,3.6419
2856,91.63,0.0,0.8329,0.1954,0.0,0.0,2.1789,10.5099,3.5203
2857,87.62,0.0,0.8949,0.1978,0.0,0.0,2.3464,11.3628,3.8063
2858,90.99,0.0,0.8768,0.1991,0.0,0.0,2.2923,11.1426,3.732
2859,89.31,0.0,0.8692,0.1968,0.0,0.0,2.2939,11.1594,3.7381
2860,89.43,0.0028,0.8756,0.1978,0.0028,0.0,2.2692,11.0053,3.6849
2861,88.84,0.0,0.8542,0.1948,0.0,0.0,2.2398,10.8112,3.6204
2862,89.33,0.0,0.9079,0.1938,0.0,0.0,2.3717,11.4101,3.821
2863,88.38,0.0,0.8766,0.1968,0.0,0.0,2.2756,11.0045,3.684
2864,88.79,0.0,0.862,0.1935,0.0,0.0,2.222,10.7344,3.594
2865,87.3,0.0,0.8551,0.1952,0.0,0.0,2.2294,10.7532,3.6004
2866,88.88,0.0,0.8775,0.1946,0.0,0.0,2.3069,11.1749,3.7415
2867,87.45,0.0025,0.8805,0.1942,0.0025,0.0025,2.2948,11.0925,3.7126
2868,85.4,0.0,0.8631,0.1961,0.0,0.0,2.2552,10.9399,3.6633
2869,84.91,0.0023,0.8658,0.1957,0.0023,0.0023,2.2525,10.8924,3.6469
2870,82.81,0.0,0.8474,0.1965,0.0,0.0,2.1793,10.5909,3.5459
2871,91.45,0.0,0.8787,0.1955,0.0,0.0,2.3171,11.1831,3.7451
2872,91.09,0.0,0.8913,0.1948,0.0,0.0,2.3301,11.1661,3.7395
2873,86.67,0.0026,0.8651,0.1931,0.0026,0.0,2.2674,10.886,3.645
2874,88.15,0.0,0.8763,0.1907,0.0,0.0,2.315,11.1047,3.7189
2875,82.96,0.0017,0.8721,0.1902,0.0017,0.0,2.3011,10.9422,3.6639
2876,91.64,0.0,0.8766,0.1894,0.0,0.0,2.3166,11.0371,3.6952
2877,83.98,0.0,0.8678,0.1918,0.0,0.0,2.2776,10.8979,3.6501
2878,86.1,0.0,0.8277,0.1905,0.0,0.0,2.1827,10.4847,3.5111
2879,87.67,0.0,0.8379,0.1897,0.0,0.0,2.2079,10.5661,3.5381
2880,88.35,0.0,0.898,0.1892,0.0,0.0,2.3497,11.1871,3.7461
2881,93.0,0.0,0.8774,0.1905,0.0,0.0,2.3222,11.1241,3.726
2882,89.94,0.0,0.8582,0.1893,0.0,0.0,2.2778,10.8836,3.6451
2883,90.55,0.0,0.8673,0.193,0.0,0.0,2.2564,10.7821,3.6095
2884,89.55,0.0,0.8542,0.1907,0.0,0.0,2.2157,10.5749,3.5428
2885,83.21,0.0,0.884,0.1905,0.0,0.0,2.2939,10.9468,3.6634
2886,93.44,0.0,0.8983,0.1911,0.0,0.0,2.3948,11.4641,3.8393
2887,94.36,0.0,0.9107,0.1884,0.0,0.0,2.3827,11.2966,3.7792
2888,86.45,0.0021,0.8664,0.189,0.0021,0.0,2.2791,10.8367,3.6276
2889,77.9,0.0,0.8612,0.1892,0.0,0.0,2.2666,10.8116,3.6197
2890,86.73,0.0,0.8863,0.1889,0.0025,0.0,2.3099,10.9824,3.675
2891,88.11,0.0022,0.8658,0.1871,0.0022,0.0022,2.2882,10.8257,3.6248
2892,84.56,0.0,0.8817,0.1894,0.0022,0.0,2.3295,11.0622,3.7047
2893,91.61,0.0,0.8753,0.1895,0.0,0.0,2.3099,11.0388,3.6972
2894,86.35,0.0,0.8454,0.1877,0.0,0.0,2.2352,10.6469,3.5661
2895,91.22,0.0,0.8793,0.1868,0.0,0.0,2.3353,11.0634,3.7037
2896,82.03,0.0,0.8436,0.191,0.0,0.0,2.2053,10.5337,3.5275
2897,82.69,0.0,0.861,0.1922,0.0,0.0,2.2474,10.7574,3.6023
2898,90.37,0.0,0.8743,0.1894,0.0,0.0,2.3078,11.0102,3.6875
2899,89.55,0.0,0.8734,0.1892,0.0,0.0,2.28,10.8261,3.6249
2900,85.65,0.0,0.8366,0.1938,0.0,0.0,2.1779,10.5011,3.5161
2901,91.06,0.0,0.864,0.191,0.0,0.0,2.2833,10.9639,3.6709
2902,90.31,0.0,0.9039,0.1883,0.0,0.0,2.3759,11.298,3.7828
2903,88.39,0.0025,0.8789,0.1872,0.0025,0.0,2.2989,10.8712,3.6385
2904,88.56,0.0,0.875,0.1901,0.0,0.0,2.2587,10.7947,3.614
2905,81.22,0.0,0.8474,0.1923,0.0,0.0,2.2233,10.6833,3.5775
2906,88.84,0.003,0.8625,0.1906,0.003,0.0,2.252,10.7946,3.6143
2907,86.95,0.0,0.8594,0.19,0.0,0.0,2.2589,10.8145,3.6209
2908,89.27,0.0,0.8602,0.1896,0.0,0.0,2.2655,10.7942,3.6143
2909,85.73,0.0,0.89,0.1922,0.0,0.0,2.3305,11.1902,3.7479
2910,89.31,0.0,0.8839,0.191,0.0,0.0,2.3145,11.1073,3.7189
2911,84.9,0.0,0.8821,0.1884,0.0,0.0,2.3295,11.1387,3.7307
2912,92.04,0.0,0.8829,0.1913,0.0,0.0,2.2883,10.9894,3.6792
2913,85.16,0.0,0.8672,0.192,0.0,0.0,2.2666,10.8181,3.6218
2914,86.19,0.0,0.8493,0.1909,0.0,0.0,2.2403,10.7093,3.5861
2915,79.55,0.0,0.8701,0.1948,0.0,0.0,2.2608,10.8136,3.6209
2916,88.99,0.0,0.9087,0.1895,0.0,0.0,2.4003,11.3863,3.812
2917,86.52,0.0,0.8598,0.1918,0.0,0.0,2.2468,10.7205,3.5897
2918,87.91,0.0047,0.8811,0.1904,0.0047,0.0047,2.2889,10.8856,3.6427
2919,88.18,0.0,0.8459,0.1907,0.0,0.0,2.2096,10.5396,3.5282
2920,86.61,0.0,0.865,0.191,0.0,0.0,2.2503,10.6849,3.5768
2921,83.45,0.0,0.8624,0.1874,0.0,0.0,2.2688,10.7316,3.5926
2922,86.34,0.0026,0.8956,0.1883,0.0026,0.0026,2.3544,11.1754,3.7408
2923,89.39,0.0,0.8826,0.1885,0.0,0.0,2.321,11.017,3.6896
2924,88.76,0.0,0.8875,0.1872,0.0,0.0,2.3652,11.2776,3.7771
2925,87.21,0.0,0.8872,0.1865,0.0,0.0,2.3598,11.2437,3.7656
2926,91.77,0.0,0.8722,0.1906,0.0,0.0,2.2938,11.0288,3.6923
2927,92.87,0.0017,0.8907,0.1843,0.0017,0.0017,2.3561,11.1716,3.741
2928,91.01,0.0025,0.8782,0.185,0.0025,0.0025,2.3381,11.1508,3.7339
2929,89.79,0.0,0.8592,0.1847,0.0,0.0,2.2862,10.8572,3.6365
2930,88.29,0.0,0.8528,0.1847,0.0,0.0,2.2449,10.7306,3.5931
2931,87.23,0.0,0.8633,0.1817,0.0,0.0,2.3038,10.9352,3.6628
2932,87.6,0.0,0.8818,0.1822,0.0,0.0,2.3286,10.9804,3.6764
2933,95.25,0.0,0.8711,0.182,0.0,0.0,2.3408,11.0599,3.6974
2934,87.89,0.0,0.8615,0.1803,0.0,0.0,2.2689,10.6486,3.5649
2935,90.35,0.0,0.8616,0.1826,0.0,0.0,2.2699,10.7284,3.592
2936,91.07,0.0,0.8735,0.1844,0.0,0.0,2.3283,11.0398,3.6974
2937,88.47,0.0,0.9128,0.1833,0.0,0.0,2.3893,11.2121,3.7529
2938,86.93,0.0,0.8671,0.185,0.0,0.0,2.3159,10.9703,3.6744
2939,89.72,0.0,0.8996,0.1832,0.0,0.0,2.4054,11.3448,3.7992
2940,89.43,0.0023,0.8744,0.1832,0.0023,0.0023,2.3294,11.056,3.7023
2941,87.03,0.0,0.8605,0.1839,0.0,0.0,2.2552,10.643,3.5644
2942,90.73,0.0,0.9044,0.1873,0.0,0.0,2.3818,11.3326,3.7937
2943,90.07,0.0046,0.8815,0.185,0.0046,0.0046,2.3454,11.1421,3.7304
2944,90.72,0.0,0.8974,0.1856,0.0,0.0,2.3717,11.2627,3.7699
2945,95.02,0.0,0.8605,0.1848,0.0,0.0,2.3078,10.9395,3.6643
2946,84.09,0.0035,0.8785,0.1845,0.0035,0.0035,2.2972,10.8465,3.632
2947,82.18,0.0,0.867,0.1826,0.0,0.0,2.309,10.873,3.6405
2948,91.1,0.0,0.8782,0.1848,0.0,0.0,2.3325,11.037,3.6963
2949,84.7,0.0,0.8449,0.1841,0.0,0.0,2.218,10.5253,3.5243
2950,89.72,0.0,0.8848,0.1847,0.0,0.0,2.3146,10.9241,3.6592
2951,91.79,0.0,0.8866,0.1855,0.0,0.0,2.3536,11.1767,3.7413
2952,86.15,0.0,0.862,0.1825,0.0,0.0,2.3155,10.9462,3.6663
2953,83.75,0.0,0.8566,0.1869,0.0,0.0,2.2378,10.6318,3.5594
2954,90.19,0.0,0.8808,0.1835,0.0,0.0,2.3324,11.0416,3.6962
2955,87.57,0.0,0.8568,0.1848,0.0,0.0,2.2746,10.7596,3.6023
2956,89.19,0.0,0.8819,0.1856,0.0,0.0,2.3509,11.1977,3.7502
2957,83.56,0.0,0.8469,0.1853,0.0,0.0,2.2385,10.6921,3.5807
2958,88.61,0.0,0.8577,0.1815,0.0,0.0,2.3035,10.8485,3.6346
2959,87.64,0.0,0.8598,0.1833,0.0,0.0,2.258,10.6535,3.5687
2960,84.42,0.0,0.8634,0.1814,0.0,0.0,2.3156,10.904,3.651
2961,85.9,0.0026,0.8679,0.1821,0.0026,0.0026,2.3195,10.9803,3.6763
2962,88.95,0.0,0.8711,0.1816,0.0,0.0,2.3321,10.987,3.6785
2963,90.24,0.0,0.8805,0.1825,0.0,0.0,2.3187,10.9605,3.6701
2964,94.21,0.0022,0.881,0.1813,0.0022,0.0022,2.3276,10.9468,3.6635
2965,94.53,0.0,0.9056,0.1837,0.0,0.0,2.4219,11.4309,3.8273
2966,87.48,0.0021,0.8646,0.1836,0.0021,0.0,2.2983,10.8719,3.6399
2967,86.1,0.0,0.8745,0.184,0.0,0.0,2.3277,10.98,3.6765
2968,84.56,0.0,0.8622,0.1834,0.0,0.0,2.3105,10.8891,3.6472
2969,86.36,0.0,0.8697,0.1821,0.0,0.0,2.3198,10.8628,3.6374
2970,87.91,0.0,0.8664,0.1834,0.0,0.0,2.32,10.9337,3.6617
2971,87.57,0.0,0.8919,0.184,0.0,0.0,2.3824,11.232,3.7618
2972,90.12,0.0,0.8663,0.1836,0.0,0.0,2.3269,10.9484,3.6662
2973,90.34,0.0,0.8835,0.1824,0.0,0.0,2.3517,11.1028,3.7169
2974,88.36,0.0,0.8565,0.1835,0.0,0.0,2.2917,10.8284,3.6265
2975,93.12,0.0025,0.894,0.1801,0.0025,0.0025,2.3892,11.1623,3.7374
2976,85.85,0.0,0.857,0.1827,0.0,0.0,2.2896,10.7253,3.5904
2977,89.39,0.0,0.8707,0.1837,0.0,0.0,2.333,11.0102,3.6871
2978,86.48,0.0,0.8712,0.1804,0.0,0.0,2.3461,10.9988,3.6837
2979,93.01,0.0,0.857,0.1831,0.0,0.0,2.2897,10.8104,3.6212
2980,89.61,0.0,0.8865,0.182,0.0,0.0,2.3301,10.9346,3.6585
2981,88.63,0.0,0.8891,0.1851,0.0,0.0,2.3837,11.3099,3.7881
2982,88.49,0.0,0.8668,0.1815,0.0,0.0,2.3156,10.9162,3.6539
2983,90.17,0.0025,0.8601,0.1832,0.0025,0.0025,2.3157,10.9653,3.6725
2984,80.85,0.0022,0.8715,0.1817,0.0022,0.0022,2.3087,10.8338,3.6261
2985,83.3,0.0,0.8425,0.1795,0.0,0.0,2.2909,10.7118,3.5877
2986,93.99,0.0019,0.8976,0.1801,0.0019,0.0019,2.4146,11.3272,3.7921
2987,85.01,0.0,0.8608,0.1811,0.0,0.0,2.3285,10.9612,3.672
2988,89.4,0.0,0.8825,0.1793,0.0,0.0,2.3577,11.0232,3.6895
2989,85.75,0.0,0.8374,0.1785,0.0,0.0,2.2366,10.517,3.5213
2990,85.25,0.0,0.8268,0.1795,0.0,0.0,2.2278,10.5118,3.5207
2991,89.77,0.0,0.878,0.1802,0.0,0.0,2.3407,11.0149,3.6874
2992,90.32,0.0,0.905,0.1798,0.0,0.0,2.4351,11.5118,3.8553
2993,86.08,0.0,0.8083,0.1803,0.0,0.0,2.1381,10.1157,3.3879
2994,86.56,0.0,0.8633,0.1786,0.0028,0.0,2.3191,10.9424,3.6645
2995,85.73,0.0023,0.8732,0.1814,0.0049,0.0049,2.2936,10.9032,3.6495
2996,85.19,0.0,0.846,0.18,0.0,0.0,2.2634,10.762,3.6049
2997,88.62,0.0,0.8765,0.1812,0.0,0.0,2.3205,11.0689,3.7077
2998,89.15,0.0,0.8871,0.1783,0.0,0.0,2.3592,11.1037,3.717
2999,88.2,0.0,0.8911,0.1779,0.0,0.0,2.3877,11.2809,3.7775
3000,86.03,0.0,0.8622,0.1797,0.0,0.0,2.3093,10.8405,3.6197
3001,85.42,0.0,0.855,0.1778,0.0,0.0,2.2739,10.7328,3.5946
3002,80.57,0.0,0.8625,0.1776,0.0,0.0,2.3017,10.82,3.6234
3003,90.29,0.002,0.892,0.1742,0.002,0.002,2.3814,11.1666,3.7393
3004,85.05,0.0,0.8458,0.1754,0.0,0.0,2.2655,10.6697,3.5732
3005,92.26,0.0,0.8546,0.1772,0.0,0.0,2.2983,10.8372,3.6292
3006,83.75,0.0,0.8698,0.1746,0.0,0.0,2.3211,10.8891,3.6446
3007,89.07,0.0,0.8571,0.1751,0.0,0.0,2.2859,10.7452,3.5977
3008,87.74,0.0,0.8714,0.172,0.0,0.0,2.3713,11.063,3.7065
3009,88.29,0.0,0.832,0.1724,0.0,0.0,2.2419,10.4705,3.5071
3010,94.51,0.0,0.8714,0.1743,0.0,0.0,2.3529,11.0179,3.6901
3011,88.87,0.003,0.8563,0.1718,0.003,0.003,2.3148,10.78,3.6092
3012,90.46,0.0,0.8723,0.1728,0.0,0.0,2.3581,11.0162,3.69
3013,90.97,0.0019,0.8487,0.173,0.0019,0.0019,2.2745,10.6999,3.583
3014,88.93,0.0,0.8696,0.173,0.0,0.0,2.3707,11.103,3.7184
3015,90.52,0.0,0.8811,0.1715,0.0,0.0,2.3892,11.1445,3.7318
3016,88.94,0.0,0.9038,0.1715,0.0,0.0,2.4454,11.4019,3.8177
3017,83.26,0.0,0.8656,0.1733,0.0,0.0,2.3393,10.9174,3.6566
3018,87.11,0.0,0.8704,0.1708,0.0,0.0,2.3496,10.9238,3.659
3019,83.89,0.0,0.8639,0.1727,0.0,0.0,2.312,10.7905,3.6131
3020,87.9,0.0,0.8649,0.1716,0.0,0.0,2.3241,10.7894,3.6032
3021,88.29,0.0,0.8671,0.1706,0.0,0.0,2.3492,10.9142,3.6549
3022,86.87,0.0,0.8644,0.1703,0.0,0.0,2.3581,11.0185,3.6914
3023,92.52,0.0023,0.8884,0.1734,0.0023,0.0023,2.3604,11.0561,3.7005
3024,89.32,0.0,0.8554,0.1732,0.0,0.0,2.2869,10.6913,3.5794
3025,85.52,0.0,0.861,0.1725,0.0,0.0,2.334,10.8991,3.6509
3026,86.3,0.0,0.8764,0.1718,0.0,0.0,2.3373,10.9209,3.6574
3027,89.0,0.0,0.8547,0.1717,0.0,0.0,2.3063,10.7859,3.6128
3028,91.78,0.0,0.8641,0.1751,0.0,0.0,2.264,10.6239,3.5565
3029,87.1,0.0,0.8541,0.1708,0.0,0.0,2.2807,10.6242,3.5588
3030,80.37,0.0,0.8662,0.1705,0.0,0.0,2.3575,11.0086,3.6868
3031,89.12,0.0,0.8772,0.1702,0.0,0.0,2.348,10.9835,3.6786
3032,85.87,0.0,0.8706,0.1707,0.0,0.0,2.3553,11.0229,3.6908
3033,83.97,0.0,0.8584,0.1708,0.0,0.0,2.3007,10.7005,3.5853
3034,90.47,0.0,0.8689,0.1718,0.0,0.0,2.3318,10.8958,3.649
3035,88.91,0.0,0.8579,0.1682,0.0,0.0,2.3202,10.7542,3.5996
3036,82.7,0.0,0.8675,0.1739,0.0,0.0,2.3099,10.868,3.6395
3037,83.26,0.0025,0.8616,0.1735,0.0025,0.0025,2.3353,11.0243,3.6929
3038,90.62,0.0,0.8288,0.17,0.0,0.0,2.2486,10.4593,3.5037
3039,86.61,0.0,0.8676,0.17,0.0,0.0,2.3352,10.8902,3.6472
3040,82.35,0.0,0.856,0.17,0.0,0.0,2.2865,10.7237,3.5913
3041,84.49,0.0,0.8953,0.1711,0.0,0.0,2.3928,11.147,3.7308
3042,90.67,0.0,0.8651,0.1705,0.0,0.0,2.3292,10.8711,3.6418
3043,88.04,0.0,0.8637,0.1707,0.0,0.0,2.3253,10.8368,3.629
3044,86.1,0.0028,0.857,0.1691,0.0028,0.0028,2.3073,10.7501,3.5995
3045,97.09,0.0042,0.8881,0.1702,0.0042,0.0042,2.3999,11.1697,3.7398
3046,86.19,0.0,0.8649,0.1688,0.0,0.0,2.3313,10.8082,3.6193
3047,91.33,0.0,0.8804,0.1701,0.0,0.0,2.3738,11.0079,3.6859
3048,91.93,0.0,0.8773,0.1671,0.0,0.0,2.4125,11.1297,3.7274
3049,81.26,0.0,0.8447,0.1707,0.0,0.0,2.2671,10.5108,3.5181
3050,90.98,0.0,0.8556,0.1687,0.0,0.0,2.3253,10.7656,3.6048
3051,85.07,0.0,0.8755,0.1698,0.0023,0.0,2.3587,10.9489,3.664
3052,89.35,0.0,0.8755,0.171,0.0,0.0,2.3665,11.0225,3.6915
3053,81.17,0.0,0.8655,0.1702,0.0,0.0,2.3382,10.8253,3.6256
3054,86.61,0.0,0.8899,0.1699,0.0,0.0,2.4007,11.1562,3.7342
3055,88.06,0.0,0.8556,0.1704,0.0,0.0,2.2943,10.6012,3.5473
3056,89.21,0.0,0.8784,0.1707,0.0,0.0,2.4128,11.1935,3.7484
3057,92.38,0.0,0.8591,0.171,0.0,0.0,2.3476,10.8964,3.6503
3058,82.62,0.002,0.8339,0.1708,0.002,0.002,2.2642,10.5849,3.5444
3059,86.6,0.0,0.8295,0.1711,0.0,0.0,2.2701,10.5836,3.5443
3060,89.49,0.0,0.8643,0.1715,0.0,0.0,2.3498,10.9129,3.6556
3061,92.47,0.0,0.8625,0.171,0.0,0.0,2.3227,10.7788,3.6095
3062,87.62,0.0,0.9,0.1723,0.0,0.0,2.4209,11.2524,3.7679
3063,92.21,0.0,0.8527,0.1695,0.0,0.0,2.3293,10.821,3.6241
3064,87.55,0.0,0.8804,0.1719,0.0,0.0,2.3732,11.0146,3.688
3065,85.94,0.0,0.8578,0.1699,0.0,0.0,2.3122,10.7133,3.5869
3066,84.24,0.0,0.8826,0.1693,0.0,0.0,2.3958,11.0351,3.6953
3067,80.33,0.0,0.8505,0.171,0.0,0.0,2.3102,10.6921,3.5806
3068,86.79,0.0,0.8342,0.1702,0.0,0.0,2.2628,10.4693,3.5055
3069,79.64,0.0,0.8367,0.1696,0.0,0.0,2.2743,10.4799,3.51
3070,90.67,0.0,0.9006,0.1721,0.0,0.0,2.4132,11.1288,3.7261
3071,89.76,0.0,0.8653,0.1716,0.0,0.0,2.3621,10.9068,3.6533
3072,89.08,0.0,0.8648,0.1722,0.0,0.0,2.335,10.7707,3.6065
3073,84.85,0.0,0.8506,0.1719,0.0,0.0,2.3296,10.7532,3.6033
3074,86.8,0.0,0.8919,0.1703,0.0,0.0,2.4308,11.229,3.7604
3075,88.64,0.0,0.8875,0.1715,0.0,0.0,2.3865,11.0554,3.7018
3076,90.15,0.0,0.8833,0.1723,0.0,0.0,2.4013,11.1179,3.7235
3077,89.27,0.0021,0.8844,0.1701,0.0021,0.0021,2.3927,10.9273,3.6458
3078,85.67,0.0,0.8778,0.1727,0.0,0.0,2.3472,10.8716,3.6394
3079,93.18,0.0021,0.8568,0.1727,0.0021,0.0021,2.3047,10.6994,3.5819
3080,92.44,0.003,0.8857,0.1722,0.0076,0.003,2.4072,11.1183,3.7217
3081,88.44,0.0,0.8735,0.1719,0.0,0.0,2.3474,10.9241,3.6562
3082,86.74,0.0,0.9047,0.173,0.0,0.0,2.4136,11.2145,3.7538
3083,86.16,0.0,0.8832,0.1749,0.0,0.0,2.3838,11.1609,3.7379
3084,92.07,0.0,0.8839,0.1739,0.0,0.0,2.3931,11.1485,3.7341
3085,86.94,0.0,0.8421,0.1707,0.0,0.0,2.304,10.6897,3.5804
3086,84.23,0.0028,0.8685,0.1695,0.0028,0.0028,2.3459,10.8823,3.6431
3087,91.45,0.0035,0.8973,0.1669,0.0035,0.0035,2.439,11.2725,3.7725
3088,91.27,0.0,0.8673,0.1722,0.0,0.0,2.354,11.0066,3.686
3089,91.86,0.0,0.8808,0.1713,0.0,0.0,2.3867,11.0808,3.7088
3090,85.38,0.0,0.8447,0.1718,0.0,0.0,2.265,10.4765,3.5081
3091,88.72,0.0,0.8977,0.169,0.0,0.0,2.4664,11.4039,3.8204
3092,83.33,0.0,0.8398,0.1707,0.0,0.0,2.2903,10.5327,3.52
3093,89.9,0.0,0.8632,0.1728,0.0,0.0,2.3289,10.8415,3.6305
3094,89.73,0.0022,0.8992,0.1708,0.0022,0.0022,2.4388,11.2451,3.7643
3095,85.24,0.0,0.873,0.1696,0.0,0.0,2.3981,11.0351,3.6864
3096,86.7,0.0,0.8595,0.1702,0.0,0.0,2.3591,10.8738,3.6415
3097,88.37,0.0,0.8907,0.1709,0.0,0.0,2.4284,11.2524,3.7672
3098,84.65,0.0028,0.8623,0.1717,0.0028,0.0028,2.347,10.8725,3.6329
3099,93.29,0.0,0.8993,0.1725,0.0,0.0,2.4098,11.1599,3.7368
3100,93.73,0.002,0.9026,0.17,0.002,0.002,2.4468,11.2773,3.776
3101,88.62,0.0,0.868,0.169,0.0,0.0,2.3704,10.9352,3.6615
3102,92.13,0.0,0.8827,0.1672,0.0,0.0,2.4167,11.1399,3.7312
3103,90.92,0.0,0.8654,0.1678,0.0,0.0,2.3538,10.8169,3.6205
3104,88.79,0.0,0.8649,0.1682,0.0,0.0,2.3733,10.9624,3.6709
3105,91.0,0.0032,0.8724,0.1678,0.0032,0.0,2.353,10.8196,3.6196
3106,89.92,0.0,0.8679,0.1682,0.0,0.0,2.3336,10.7293,3.5927
3107,86.54,0.002,0.8785,0.1679,0.002,0.002,2.3644,10.8686,3.6378
3108,94.35,0.0,0.8742,0.1677,0.0,0.0,2.3727,10.871,3.64
3109,86.15,0.0,0.8932,0.1673,0.0,0.0,2.4456,11.3182,3.7903
3110,90.17,0.0,0.8801,0.1684,0.0,0.0,2.3867,11.1029,3.7168
3111,92.48,0.0064,0.8687,0.1675,0.0064,0.0064,2.3477,10.7557,3.5993
3112,86.03,0.0,0.846,0.1685,0.0,0.0,2.3094,10.7252,3.5921
3113,87.05,0.0017,0.8884,0.1659,0.0017,0.0017,2.435,11.1009,3.7106
3114,81.53,0.0,0.8624,0.1689,0.0,0.0,2.3548,10.881,3.643
3115,88.77,0.0,0.8743,0.1663,0.0,0.0,2.3609,10.7994,3.614
3116,93.3,0.0,0.881,0.1677,0.0,0.0,2.3805,10.9499,3.6647
3117,87.8,0.0,0.8736,0.1677,0.0,0.0,2.3965,11.0402,3.698
3118,88.09,0.0016,0.8859,0.1674,0.0016,0.0016,2.4118,11.1229,3.7234
3119,88.03,0.0,0.8685,0.1668,0.0,0.0,2.364,10.9187,3.6554
3120,91.39,0.0,0.8685,0.1685,0.0,0.0,2.3421,10.828,3.6243
3121,88.68,0.0022,0.8648,0.167,0.0022,0.0,2.329,10.6417,3.5613
3122,88.73,0.0,0.882,0.1711,0.0,0.0,2.3934,11.1483,3.7337
3123,85.01,0.0,0.8832,0.1688,0.0,0.0,2.3577,10.959,3.6696
3124,91.66,0.0,0.8647,0.1697,0.0,0.0,2.3356,10.8881,3.6457
3125,91.1,0.0,0.885,0.1675,0.0,0.0,2.417,11.2206,3.7581
3126,90.81,0.0,0.8593,0.1684,0.0,0.0,2.3368,10.8242,3.6248
3127,92.34,0.0,0.8741,0.169,0.0,0.0,2.3977,11.201,3.7516
3128,95.96,0.0,0.8657,0.168,0.0,0.0,2.3662,10.9783,3.678
3129,87.3,0.0032,0.8574,0.1689,0.0032,0.0032,2.312,10.769,3.6064
3130,85.24,0.0022,0.8726,0.1655,0.0022,0.0022,2.3911,11.0316,3.694
3131,86.74,0.0,0.8914,0.1675,0.0,0.0,2.3741,10.9969,3.6809
3132,85.92,0.0,0.8966,0.1684,0.0,0.0,2.4604,11.3682,3.7989
3133,87.91,0.0,0.8892,0.1672,0.0,0.0,2.3853,10.9885,3.6774
3134,80.83,0.0,0.8584,0.1665,0.0,0.0,2.3089,10.6166,3.5531
3135,81.25,0.0,0.8726,0.1694,0.0,0.0,2.3068,10.6378,3.559
3136,96.51,0.0,0.9238,0.1678,0.0,0.0,2.5331,11.6981,3.9169
3137,92.86,0.0,0.9066,0.1657,0.0,0.0,2.4805,11.401,3.8184
3138,94.59,0.0,0.8747,0.1664,0.0,0.0,2.4064,11.0686,3.7059
3139,88.11,0.0,0.8683,0.1659,0.0,0.0,2.3793,10.9473,3.6649
3140,90.24,0.0,0.8949,0.1685,0.0,0.0,2.4066,11.1216,3.7221
3141,90.63,0.0,0.8735,0.167,0.0,0.0,2.3917,11.016,3.6883
3142,87.8,0.0022,0.8631,0.1653,0.0022,0.0,2.3553,10.7907,3.6131
3143,80.98,0.0,0.8505,0.164,0.0,0.0,2.3198,10.5946,3.5472
3144,87.31,0.0,0.9001,0.1698,0.0,0.0,2.4249,11.1971,3.7495
3145,95.02,0.0,0.9038,0.1648,0.0,0.0,2.478,11.3629,3.7953
3146,89.35,0.0,0.8716,0.1663,0.0,0.0,2.3807,10.9839,3.6782
3147,88.47,0.0,0.8733,0.1664,0.0,0.0,2.3808,10.9689,3.6724
3148,88.28,0.0023,0.863,0.1669,0.0023,0.0023,2.3832,10.9863,3.6792
3149,79.9,0.0,0.878,0.1628,0.0,0.0,2.4086,10.9799,3.6752
3150,89.37,0.0043,0.8642,0.164,0.0043,0.0043,2.3891,10.8978,3.6486
3151,87.5,0.0,0.8514,0.1642,0.0022,0.0,2.3448,10.6996,3.5807
3152,84.79,0.0,0.8719,0.1657,0.0,0.0,2.3951,10.9885,3.6798
3153,84.61,0.0,0.8436,0.1634,0.0,0.0,2.3085,10.5315,3.5266
3154,89.08,0.0,0.878,0.1647,0.0022,0.0,2.3628,10.7833,3.6067
3155,89.65,0.0,0.8511,0.1616,0.0,0.0,2.3636,10.8197,3.6246
3156,88.81,0.0,0.8707,0.1638,0.0,0.0,2.4001,11.0175,3.6888
3157,92.23,0.0,0.8625,0.1662,0.0,0.0,2.3372,10.751,3.5984
3158,90.39,0.0,0.8973,0.1659,0.0017,0.0,2.464,11.3083,3.7864
3159,87.75,0.0,0.8829,0.1625,0.0,0.0,2.4307,11.1041,3.7174
3160,92.67,0.0,0.8698,0.1648,0.0,0.0,2.3802,10.8891,3.6451
3161,83.7,0.0,0.8578,0.1632,0.0,0.0,2.3479,10.6919,3.5781
3162,87.92,0.0,0.8775,0.1648,0.0,0.0,2.3847,10.8624,3.6366
3163,86.27,0.0,0.8649,0.163,0.0,0.0,2.3846,10.9278,3.6604
3164,88.11,0.0,0.848,0.1663,0.0,0.0,2.2903,10.4921,3.5123
3165,88.31,0.0,0.8569,0.1633,0.0,0.0,2.3661,10.7839,3.6105
3166,85.02,0.0,0.8719,0.1656,0.0,0.0,2.4081,11.1029,3.7193
3167,85.39,0.0,0.8358,0.1645,0.0,0.0,2.2724,10.3951,3.4816
3168,91.31,0.0,0.8808,0.1649,0.0,0.0,2.3936,10.9966,3.6827
3169,91.13,0.0022,0.8505,0.1647,0.0022,0.0022,2.316,10.5901,3.5439
3170,83.76,0.0,0.8568,0.1674,0.0,0.0,2.2855,10.5303,3.5265
3171,93.98,0.0,0.8985,0.1662,0.0,0.0,2.4318,11.1769,3.7433
3172,91.54,0.0,0.859,0.1654,0.0,0.0,2.3488,10.7808,3.6085
3173,94.77,0.0,0.8938,0.1654,0.0,0.0,2.4394,11.222,3.7579
3174,90.37,0.0032,0.8717,0.1637,0.0032,0.0032,2.352,10.7275,3.5835
3175,90.15,0.0,0.8587,0.1637,0.0,0.0,2.3134,10.5645,3.5366
3176,83.08,0.0,0.8902,0.164,0.0,0.0,2.4366,11.1015,3.7168
3177,87.41,0.0,0.8765,0.1629,0.0,0.0,2.3993,10.8682,3.6387
3178,89.69,0.0,0.8985,0.1657,0.0,0.0,2.437,11.1039,3.7184
3179,79.88,0.0021,0.8485,0.1642,0.0021,0.0021,2.3011,10.4351,3.4935
3180,87.78,0.0,0.8743,0.163,0.0,0.0,2.4032,10.8829,3.6432
3181,92.89,0.0,0.8797,0.1648,0.002,0.002,2.4014,10.9474,3.6652
3182,91.0,0.0,0.8813,0.1638,0.0,0.0,2.4145,10.9771,3.674
3183,82.96,0.0,0.8649,0.1654,0.0,0.0,2.3746,10.8325,3.6273
3184,91.66,0.0,0.8912,0.1647,0.0,0.0,2.4603,11.1824,3.7463
3185,86.48,0.003,0.8714,0.1634,0.003,0.003,2.3702,10.7708,3.6063
3186,84.94,0.0,0.8829,0.1641,0.0,0.0,2.4173,10.9337,3.6596
3187,89.91,0.0,0.9124,0.1635,0.0,0.0,2.5181,11.4264,3.8279
3188,85.03,0.0019,0.8602,0.1642,0.0019,0.0019,2.3366,10.6245,3.5563
3189,91.11,0.0,0.931,0.1658,0.0,0.0,2.5066,11.3731,3.8067
3190,87.53,0.0,0.8695,0.1649,0.0,0.0,2.3751,10.8354,3.6282
3191,88.4,0.0,0.8762,0.1661,0.0,0.0,2.352,10.6476,3.563
3192,82.63,0.0,0.8885,0.1658,0.0,0.0,2.4267,11.1107,3.7201
3193,84.01,0.0023,0.8813,0.1651,0.0023,0.0023,2.4076,10.9702,3.6731
3194,90.87,0.003,0.8779,0.1665,0.003,0.003,2.3954,10.9819,3.678
3195,87.55,0.0028,0.8726,0.1645,0.0028,0.0028,2.4105,11.0471,3.6998
3196,90.8,0.0,0.874,0.1656,0.0,0.0,2.3838,10.8412,3.6286
3197,88.44,0.0,0.86,0.1655,0.0,0.0,2.3571,10.7583,3.6025
3198,94.31,0.0,0.8735,0.1644,0.0,0.0,2.4274,11.0962,3.7163
3199,83.78,0.0,0.8604,0.1661,0.0,0.0,2.3563,10.8662,3.64
3200,91.84,0.0,0.8875,0.1665,0.0,0.0,2.4016,11.015,3.6889
3201,90.33,0.0,0.8871,0.1669,0.0,0.0,2.4196,11.1024,3.7184
3202,85.66,0.0,0.8868,0.1664,0.0,0.0,2.4433,11.1346,3.7296
3203,94.37,0.0,0.8918,0.1651,0.0016,0.0016,2.4743,11.3211,3.7921
3204,89.62,0.0,0.8829,0.1665,0.0,0.0,2.4264,11.1183,3.7234
3205,90.67,0.0,0.9016,0.1647,0.0,0.0,2.4567,11.1721,3.7408
3206,85.56,0.0016,0.884,0.1641,0.0016,0.0016,2.4172,10.9947,3.6808
3207,90.35,0.0,0.8735,0.164,0.0,0.0,2.4112,10.9808,3.6776
3208,91.96,0.0,0.8915,0.1655,0.0,0.0,2.4617,11.234,3.7611
3209,94.51,0.0,0.9132,0.1632,0.0,0.0,2.5262,11.4593,3.8369
3210,90.31,0.0,0.8737,0.1634,0.0,0.0,2.4077,10.9236,3.6566
3211,89.33,0.0,0.8899,0.1627,0.0,0.0,2.4557,11.1834,3.7448
3212,87.5,0.0,0.8992,0.1623,0.0,0.0,2.4718,11.1792,3.7418
3213,89.0,0.0,0.8654,0.1643,0.0,0.0,2.3759,10.8025,3.6161
3214,87.63,0.0,0.875,0.1644,0.0,0.0,2.3967,10.907,3.6511
3215,92.54,0.0,0.8844,0.1619,0.0,0.0,2.4545,11.1078,3.7192
3216,89.87,0.0,0.8784,0.1623,0.0058,0.0058,2.4179,10.9537,3.6666
3217,85.89,0.0,0.8642,0.1617,0.0,0.0,2.3833,10.8155,3.6202
3218,90.66,0.0,0.8933,0.1621,0.0,0.0,2.4935,11.2702,3.7745
3219,86.0,0.0,0.8861,0.1624,0.0,0.0,2.4368,11.0836,3.7102
3220,86.25,0.0,0.8531,0.162,0.0,0.0,2.3625,10.8044,3.617
3221,93.13,0.0025,0.9067,0.1595,0.0025,0.0025,2.5257,11.4448,3.8309
3222,90.95,0.0,0.9104,0.1624,0.0,0.0,2.4825,11.3387,3.7962
3223,78.4,0.0,0.8796,0.164,0.0,0.0,2.4025,10.9828,3.679
3224,92.75,0.003,0.8548,0.1588,0.003,0.003,2.3927,10.8328,3.6264
3225,88.94,0.0,0.8758,0.1604,0.0,0.0,2.4265,10.9754,3.6754
3226,93.32,0.0035,0.9089,0.159,0.0035,0.0035,2.5106,11.3205,3.7896
3227,93.11,0.0,0.9168,0.1573,0.0,0.0,2.5701,11.5657,3.8734
3228,90.52,0.0,0.9037,0.1599,0.0,0.0,2.4954,11.2623,3.7708
3229,88.29,0.0,0.8852,0.1597,0.0,0.0,2.4571,10.9576,3.659
3230,94.03,0.0,0.8655,0.1613,0.0,0.0,2.4098,10.9529,3.6672
3231,88.93,0.0,0.8961,0.1623,0.0038,0.0038,2.4514,11.1361,3.7281
3232,88.64,0.0,0.8663,0.1602,0.0,0.0,2.3937,10.8128,3.6196
3233,90.08,0.0,0.9014,0.1607,0.0,0.0,2.4957,11.3168,3.7898
3234,83.51,0.002,0.8625,0.161,0.002,0.002,2.3827,10.8285,3.625
3235,91.19,0.0021,0.915,0.1604,0.0021,0.0021,2.5553,11.5409,3.8648
3236,88.32,0.0,0.8637,0.1603,0.0,0.0,2.3784,10.6667,3.5717
3237,91.59,0.0,0.8607,0.1629,0.0,0.0,2.3461,10.5803,3.5419
3238,87.48,0.0,0.8782,0.1609,0.0,0.0,2.4447,10.9673,3.6712
3239,92.0,0.0,0.8897,0.1614,0.0,0.0,2.4932,11.2422,3.7642
3240,93.94,0.0,0.8971,0.1622,0.0,0.0,2.4865,11.2067,3.7522
3241,84.37,0.0,0.8605,0.1612,0.0,0.0,2.4228,10.9115,3.6536
3242,89.38,0.0,0.862,0.1598,0.0,0.0,2.4129,10.8761,3.6426
3243,85.92,0.0,0.8799,0.1631,0.0,0.0,2.4254,10.9105,3.6523
3244,93.91,0.0,0.8791,0.1614,0.0,0.0,2.4624,11.1535,3.7342
3245,87.79,0.0,0.8898,0.1602,0.0,0.0,2.4557,10.984,3.6762
3246,85.71,0.0,0.8646,0.1631,0.0,0.0,2.3881,10.8357,3.627
3247,89.99,0.0032,0.9018,0.1633,0.0032,0.0,2.4713,11.1189,3.7232
3248,95.09,0.0,0.9265,0.1636,0.0,0.0,2.5382,11.4985,3.8495
3249,87.08,0.0,0.864,0.1621,0.0,0.0,2.4025,10.8839,3.6452
3250,90.99,0.0,0.8817,0.1643,0.0,0.0,2.4301,11.0313,3.6925
3251,89.63,0.0,0.8818,0.1605,0.0,0.0,2.4732,11.1212,3.7243
3252,95.66,0.0,0.8847,0.1611,0.0026,0.0026,2.4657,11.1618,3.7365
3253,86.68,0.0,0.8592,0.1606,0.0,0.0,2.3843,10.6844,3.5763
3254,85.95,0.0,0.8733,0.162,0.0,0.0,2.4381,10.9266,3.6593
3255,85.48,0.0023,0.885,0.161,0.0023,0.0023,2.4238,10.8727,3.6382
3256,92.21,0.0025,0.8757,0.1626,0.0025,0.0025,2.4256,10.9579,3.6695
3257,93.92,0.0,0.8987,0.163,0.0,0.0,2.4987,11.2833,3.7779
3258,91.52,0.0,0.9016,0.1601,0.003,0.003,2.5068,11.2396,3.7616
3259,90.85,0.0,0.8701,0.1636,0.0,0.0,2.4319,10.9309,3.6599
3260,91.75,0.003,0.8787,0.1623,0.003,0.003,2.4353,10.9952,3.6785
3261,90.3,0.0,0.903,0.1606,0.0,0.0,2.5327,11.362,3.804
3262,74.19,0.0,0.832,0.1646,0.0,0.0,2.3122,10.4781,3.5077
3263,87.92,0.0025,0.9,0.1634,0.0025,0.0025,2.4552,11.0961,3.7132
3264,86.15,0.0,0.8609,0.1629,0.0,0.0,2.3597,10.644,3.5633
3265,93.25,0.0,0.8889,0.1629,0.0,0.0,2.4663,11.1827,3.7423
3266,89.33,0.0,0.8648,0.1622,0.0,0.0,2.3917,10.8368,3.6272
3267,88.74,0.0,0.8967,0.1644,0.0,0.0,2.4565,11.1403,3.7299
3268,91.13,0.0,0.8982,0.1646,0.0,0.0,2.4806,11.2555,3.7587
3269,86.03,0.0,0.8642,0.1619,0.0,0.0,2.424,10.9941,3.6828
3270,91.92,0.0,0.9021,0.1636,0.0,0.0,2.4977,11.4003,3.8166
3271,93.65,0.0,0.9006,0.1642,0.0,0.0,2.4624,11.1967,3.7469
3272,92.12,0.0,0.8977,0.1635,0.0,0.0,2.4727,11.2346,3.7605
3273,86.71,0.0,0.8679,0.1646,0.0,0.0,2.4024,10.9985,3.6826
3274,94.25,0.0,0.8893,0.1619,0.0,0.0,2.4841,11.2215,3.7569
3275,85.72,0.0,0.8529,0.1672,0.0,0.0,2.3459,10.75,3.6009
3276,91.24,0.0,0.8932,0.1646,0.0,0.0,2.4841,11.2629,3.7717
3277,89.53,0.0,0.8937,0.1631,0.0,0.0,2.4669,11.1445,3.7299
3278,93.78,0.0,0.8896,0.165,0.0,0.0,2.4584,11.2228,3.7585
3279,86.23,0.0,0.8663,0.162,0.0,0.0,2.4144,10.9788,3.6762
3280,87.73,0.0023,0.8637,0.1612,0.0023,0.0023,2.4084,10.8945,3.6471
3281,89.77,0.008,0.8982,0.1612,0.008,0.0022,2.4763,11.217,3.7533
3282,94.37,0.0,0.8814,0.163,0.0,0.0,2.4404,11.0111,3.6874
3283,93.67,0.0,0.8765,0.161,0.0,0.0,2.4372,10.9696,3.6707
3284,87.65,0.0,0.8878,0.1651,0.0,0.0,2.4905,11.3869,3.8133
3285,91.75,0.0051,0.8771,0.1628,0.0067,0.0051,2.4453,11.0736,3.7072
3286,85.35,0.0,0.8875,0.1632,0.0,0.0,2.4487,11.0007,3.6807
3287,91.8,0.0,0.8614,0.1661,0.0,0.0,2.3783,10.8925,3.6476
3288,88.65,0.0,0.876,0.1651,0.0,0.0,2.4327,11.1417,3.7303
3289,89.44,0.0061,0.8807,0.1647,0.0061,0.0061,2.4192,10.9826,3.6762
3290,91.9,0.0,0.8883,0.1657,0.0,0.0,2.4384,11.1438,3.7324
3291,85.1,0.0,0.8534,0.167,0.0,0.0,2.3301,10.6885,3.5784
3292,86.81,0.0035,0.8739,0.1652,0.0035,0.0035,2.3704,10.807,3.6153
3293,90.33,0.0,0.894,0.1645,0.0,0.0,2.4529,11.1463,3.7322
3294,92.6,0.0,0.908,0.1649,0.0,0.0,2.5098,11.4267,3.8259
3295,96.04,0.0,0.8779,0.1632,0.0,0.0,2.4155,10.9204,3.6562
3296,88.08,0.0022,0.8821,0.1643,0.0022,0.0,2.4157,10.9442,3.6624
3297,93.2,0.0023,0.8888,0.1635,0.0023,0.0023,2.4766,11.2793,3.7754
3298,93.82,0.0,0.8986,0.1624,0.0,0.0,2.4962,11.2787,3.7785
3299,98.31,0.0047,0.8836,0.1635,0.0047,0.0019,2.4369,11.0543,3.7008
3300,92.68,0.0,0.8702,0.1634,0.0,0.0,2.4191,11.0376,3.6958
3301,90.89,0.0,0.8707,0.1632,0.0,0.0,2.4234,11.0005,3.6822
3302,81.25,0.0019,0.8637,0.1628,0.0038,0.0019,2.3635,10.6806,3.5744
3303,87.51,0.0,0.8781,0.162,0.0,0.0,2.4489,11.0613,3.7044
3304,89.99,0.0,0.8962,0.1634,0.0,0.0,2.4628,11.1685,3.7405
3305,94.2,0.0,0.8982,0.1617,0.0,0.0,2.5089,11.3896,3.814
3306,92.94,0.0,0.8885,0.1631,0.0,0.0,2.4485,11.1198,3.7238
3307,89.29,0.0,0.8567,0.1619,0.0,0.0,2.3836,10.8139,3.6218
3308,90.54,0.0,0.8874,0.1644,0.0,0.0,2.4376,11.122,3.7235
3309,91.04,0.0,0.9019,0.165,0.0,0.0,2.4679,11.2586,3.7691
3310,94.01,0.0,0.8922,0.1642,0.0,0.0,2.4594,11.29,3.7802
3311,92.33,0.0,0.8885,0.1644,0.0,0.0,2.4293,11.1283,3.7267
3312,89.55,0.0,0.8971,0.1645,0.0,0.0,2.4958,11.3888,3.8147
3313,89.65,0.0,0.8978,0.1647,0.0,0.0,2.4833,11.3384,3.7982
3314,90.32,0.0042,0.8673,0.1635,0.0042,0.0042,2.3958,10.913,3.6546
3315,91.98,0.0021,0.8809,0.1643,0.0021,0.0,2.4096,11.0064,3.6852
3316,90.96,0.0017,0.8988,0.1641,0.0017,0.0017,2.4757,11.2955,3.7811
3317,90.6,0.0,0.9005,0.1642,0.0,0.0,2.4803,11.3451,3.7979
3318,94.47,0.0,0.8855,0.1651,0.0,0.0,2.428,11.0838,3.7115
3319,92.72,0.0,0.8526,0.1651,0.0,0.0,2.3478,10.7693,3.6064
3320,95.58,0.0014,0.9223,0.1636,0.0014,0.0014,2.551,11.6266,3.8928
3321,89.02,0.0,0.8827,0.1641,0.0,0.0,2.4413,11.2031,3.7522
3322,88.09,0.0022,0.9031,0.165,0.0022,0.0022,2.4824,11.3367,3.7968
3323,87.1,0.0,0.8792,0.1649,0.0,0.0,2.4222,11.1358,3.7293
3324,90.83,0.0046,0.8763,0.1645,0.0046,0.0046,2.4091,11.0179,3.6881
3325,88.16,0.0,0.885,0.1647,0.0,0.0,2.4574,11.2488,3.7681
3326,89.01,0.0,0.8652,0.1667,0.0,0.0,2.3653,10.9157,3.6549
3327,95.89,0.0,0.8966,0.1633,0.0,0.0,2.4791,11.2788,3.7769
3328,90.95,0.0013,0.8822,0.1656,0.0013,0.0,2.4313,11.1616,3.7371
3329,90.63,0.0,0.8813,0.1653,0.0,0.0,2.4338,11.1368,3.7286
3330,93.99,0.0,0.8674,0.1655,0.0,0.0,2.4044,10.9415,3.6649
3331,92.88,0.0025,0.8893,0.1654,0.0025,0.0025,2.4593,11.1902,3.7348
3332,89.25,0.0019,0.8471,0.1655,0.0019,0.0019,2.3327,10.6725,3.5749
3333,86.18,0.0018,0.8564,0.1646,0.0018,0.0018,2.3493,10.6802,3.5764
3334,85.22,0.0028,0.8827,0.1623,0.0028,0.0028,2.4243,10.9788,3.6746
3335,89.53,0.0,0.8876,0.1628,0.0,0.0,2.4594,11.1315,3.7264
3336,87.97,0.0,0.8879,0.1656,0.0,0.0,2.4453,11.1887,3.7473
3337,83.17,0.0,0.8732,0.1652,0.0,0.0,2.4194,11.1013,3.7189
3338,87.41,0.0,0.872,0.1638,0.0,0.0,2.4202,10.9766,3.6745
3339,92.84,0.0,0.8859,0.1627,0.0,0.0,2.4745,11.264,3.7726
3340,89.4,0.0,0.8507,0.1632,0.0,0.0,2.3392,10.5893,3.5454
3341,89.39,0.0,0.8844,0.1642,0.0028,0.0028,2.4308,11.0367,3.6942
3342,89.46,0.0,0.9081,0.1615,0.0,0.0,2.5345,11.4337,3.8287
3343,93.62,0.0,0.8933,0.1614,0.0,0.0,2.5082,11.3959,3.8165
3344,92.34,0.0,0.8871,0.1629,0.0,0.0,2.4673,11.1564,3.7349
3345,90.27,0.0,0.8797,0.1617,0.0,0.0,2.4605,11.1295,3.7277
3346,86.98,0.0,0.89,0.1614,0.0,0.0,2.4967,11.2601,3.7702
3347,90.19,0.0,0.8752,0.1606,0.0,0.0,2.4606,11.027,3.6922
3348,87.2,0.0,0.8589,0.1603,0.0,0.0,2.4008,10.765,3.6048
3349,92.19,0.0,0.9109,0.1607,0.0,0.0,2.5745,11.5245,3.8584
3350,91.38,0.0,0.8816,0.1613,0.0,0.0,2.4657,11.1154,3.722
3351,94.95,0.0,0.8924,0.1599,0.0,0.0,2.5344,11.3564,3.7968
3352,90.96,0.0,0.9048,0.1616,0.0,0.0,2.521,11.4291,3.828
3353,90.25,0.0026,0.8746,0.1614,0.0026,0.0,2.4489,11.0564,3.7021
3354,93.13,0.0,0.8936,0.1591,0.0,0.0,2.5206,11.3359,3.7958
3355,91.05,0.0,0.8749,0.1624,0.0,0.0,2.4756,11.2602,3.7724
3356,91.67,0.0,0.8965,0.1609,0.0,0.0,2.5096,11.316,3.7882
3357,85.78,0.0,0.8824,0.1631,0.0,0.0,2.4742,11.2147,3.7552
3358,89.95,0.0,0.8832,0.1609,0.0,0.0,2.4662,11.1084,3.72
3359,91.96,0.0,0.8969,0.1633,0.0,0.0,2.5189,11.4333,3.8282
3360,92.57,0.0,0.8827,0.1627,0.0,0.0,2.4769,11.2292,3.7599
3361,90.28,0.0,0.867,0.1625,0.0,0.0,2.409,10.8759,3.641
3362,92.08,0.0,0.8929,0.1621,0.0,0.0,2.4792,11.2736,3.7742
3363,91.16,0.0,0.8483,0.1623,0.0,0.0,2.3518,10.6346,3.5612
3364,88.04,0.0,0.8665,0.1631,0.0,0.0,2.4144,10.9544,3.6688
3365,92.2,0.0026,0.8878,0.1622,0.0026,0.0026,2.4509,11.0365,3.6931
3366,91.24,0.0,0.864,0.1636,0.0,0.0,2.4126,10.9471,3.6664
3367,84.87,0.003,0.8882,0.1623,0.003,0.003,2.4523,11.0533,3.6999
3368,93.76,0.0,0.9147,0.1643,0.0,0.0,2.5377,11.5575,3.8699
3369,94.83,0.0,0.9029,0.1644,0.0,0.0,2.53,11.5029,3.844
3370,90.03,0.0,0.912,0.1625,0.0,0.0,2.5261,11.48,3.8428
3371,84.25,0.0035,0.8656,0.1622,0.0035,0.0035,2.3756,10.7319,3.5936
3372,85.59,0.0026,0.8955,0.1618,0.0026,0.0026,2.4474,11.083,3.7102
3373,92.47,0.0,0.9048,0.162,0.0,0.0,2.5136,11.4298,3.8271
3374,87.35,0.0,0.8609,0.163,0.0,0.0,2.3921,10.8521,3.634
3375,96.27,0.0,0.8897,0.1639,0.0,0.0,2.4767,11.2594,3.7591
3376,91.44,0.0,0.8932,0.161,0.0,0.0,2.4621,11.1298,3.7263
3377,88.34,0.0,0.9205,0.1606,0.0,0.0,2.5859,11.7247,3.9271
3378,91.19,0.0022,0.9015,0.1598,0.0022,0.0022,2.5202,11.3904,3.8146
3379,89.65,0.0,0.8879,0.1603,0.0,0.0,2.473,11.1745,3.7418
3380,93.18,0.0,0.8863,0.1595,0.0,0.0,2.5026,11.3489,3.8009
3381,91.24,0.0,0.8738,0.1612,0.0,0.0,2.4514,11.0816,3.7121
3382,91.74,0.0,0.879,0.1617,0.0,0.0,2.4239,11.016,3.688
3383,87.52,0.0023,0.8535,0.1615,0.0023,0.0023,2.3646,10.7567,3.6009
3384,97.24,0.0,0.8984,0.1599,0.0,0.0,2.4641,11.1216,3.7212
3385,85.8,0.002,0.8878,0.1604,0.002,0.002,2.487,11.3393,3.7978
3386,88.27,0.0019,0.906,0.1593,0.0019,0.0019,2.5167,11.4266,3.8262
3387,94.14,0.0,0.9054,0.159,0.0,0.0,2.5504,11.5789,3.8781
3388,89.06,0.0026,0.8596,0.1605,0.0026,0.0026,2.3898,10.7667,3.5944
3389,86.1,0.0,0.8967,0.16,0.0,0.0,2.5113,11.4331,3.8285
3390,90.94,0.0,0.9166,0.1591,0.0,0.0,2.5668,11.6103,3.8884
3391,85.86,0.0028,0.8763,0.1578,0.0028,0.0028,2.4539,11.0577,3.7027
3392,99.75,0.0,0.9107,0.1604,0.0,0.0,2.5531,11.5944,3.8836
3393,95.44,0.0,0.9025,0.1579,0.0026,0.0026,2.5281,11.4347,3.8298
3394,92.23,0.0043,0.8916,0.1585,0.0043,0.0017,2.5012,11.3416,3.7989
3395,87.9,0.0,0.8814,0.1571,0.0,0.0,2.4826,11.1599,3.7373
3396,90.97,0.0,0.9066,0.1574,0.0,0.0,2.5526,11.4584,3.8381
3397,92.43,0.0028,0.9065,0.1562,0.0028,0.0,2.5411,11.3512,3.7962
3398,94.34,0.0,0.8995,0.1576,0.0,0.0,2.5,11.2523,3.7679
3399,95.45,0.0,0.9099,0.1584,0.0,0.0,2.5373,11.4091,3.8228
3400,88.71,0.0,0.8826,0.1577,0.0,0.0,2.4499,11.0214,3.689
3401,91.66,0.0,0.8838,0.1583,0.0,0.0,2.4758,11.1664,3.7377
3402,91.03,0.0,0.876,0.1589,0.0,0.0,2.4242,10.8837,3.6452
3403,91.7,0.0,0.888,0.1575,0.0,0.0,2.4724,11.0768,3.7077
3404,95.96,0.0,0.9027,0.1593,0.0,0.0,2.5043,11.3867,3.8134
3405,88.75,0.0,0.8885,0.1586,0.0026,0.0026,2.4908,11.2593,3.7703
3406,90.69,0.0054,0.8896,0.1594,0.0054,0.0054,2.4653,11.122,3.7237
3407,90.42,0.0,0.8865,0.1571,0.0025,0.0,2.5013,11.3104,3.7877
3408,95.22,0.0026,0.9199,0.1579,0.0026,0.0026,2.5587,11.5201,3.8547
3409,89.7,0.0,0.902,0.1575,0.0,0.0,2.4902,11.1848,3.7433
3410,96.49,0.0,0.9254,0.1592,0.0,0.0,2.5464,11.5686,3.8741
3411,93.94,0.0032,0.8888,0.1572,0.0058,0.0058,2.4406,10.9895,3.6782
3412,86.97,0.0,0.8845,0.1583,0.0,0.0,2.4589,11.1629,3.7392
3413,86.83,0.0,0.8659,0.1566,0.0,0.0,2.4097,10.9117,3.6548
3414,87.62,0.0,0.8892,0.1563,0.0,0.0,2.4885,11.2516,3.7668
3415,92.14,0.0,0.9035,0.1579,0.0,0.0,2.5154,11.4129,3.8219
3416,88.85,0.002,0.8793,0.1553,0.002,0.002,2.466,11.1404,3.7296
3417,90.38,0.0,0.9202,0.1583,0.0,0.0,2.5438,11.531,3.8613
3418,91.09,0.0,0.8909,0.1554,0.0,0.0,2.4809,11.1152,3.7129
3419,93.67,0.0,0.9254,0.1578,0.0,0.0,2.5759,11.7318,3.9298
3420,93.02,0.003,0.8971,0.1578,0.003,0.003,2.484,11.2781,3.7761
3421,89.81,0.0,0.864,0.154,0.0,0.0,2.3951,10.7792,3.61
3422,92.03,0.0016,0.8855,0.1569,0.0016,0.0016,2.4573,11.1583,3.7362
3423,87.98,0.002,0.9103,0.1565,0.002,0.002,2.541,11.4349,3.8287
3424,94.62,0.0025,0.9131,0.1557,0.0025,0.0,2.5203,11.3059,3.7851
3425,94.45,0.0,0.9198,0.1566,0.0,0.0,2.5372,11.408,3.8176
3426,88.59,0.0,0.8757,0.1581,0.0,0.0,2.4071,10.9652,3.6719
3427,91.3,0.0,0.9127,0.1545,0.0,0.0,2.5707,11.5694,3.8749
3428,89.38,0.0,0.9325,0.1546,0.0,0.0,2.5617,11.5088,3.8541
3429,93.09,0.0,0.9135,0.1549,0.0,0.0,2.505,11.2436,3.7625
3430,92.34,0.0021,0.8915,0.1532,0.0021,0.0021,2.4849,11.0932,3.7139
3431,88.14,0.0,0.8774,0.1542,0.0,0.0,2.4581,11.0534,3.7015
3432,96.0,0.0,0.9093,0.155,0.0,0.0,2.5213,11.3187,3.7899
3433,86.0,0.0,0.9136,0.1523,0.0042,0.0,2.5579,11.4762,3.8435
3434,90.5,0.0038,0.9004,0.1518,0.0068,0.0068,2.4659,10.9221,3.6557
3435,87.74,0.0026,0.8809,0.156,0.0026,0.0,2.4451,10.9923,3.6813
3436,94.76,0.0,0.9035,0.1519,0.0023,0.0,2.5087,11.1518,3.7327
3437,88.77,0.0018,0.9087,0.1544,0.0018,0.0018,2.507,11.248,3.7661
3438,87.19,0.0032,0.8829,0.1543,0.0032,0.0032,2.4347,10.8971,3.6485
3439,88.62,0.0,0.8687,0.1522,0.0,0.0,2.4284,10.8443,3.6331
3440,86.25,0.0,0.8892,0.1514,0.0,0.0,2.4823,11.0816,3.71
3441,86.25,0.0,0.8738,0.1524,0.0,0.0,2.4317,10.8956,3.6484
3442,89.88,0.0023,0.8857,0.1506,0.0023,0.0023,2.4806,11.0514,3.6998
3443,91.34,0.0,0.9014,0.1524,0.0,0.0,2.4915,11.1507,3.7288
3444,89.38,0.0026,0.9151,0.1529,0.0026,0.0026,2.548,11.4541,3.8363
3445,90.65,0.0,0.8775,0.1515,0.0,0.0,2.471,11.1377,3.73
3446,89.19,0.0,0.8775,0.1528,0.0,0.0,2.4028,10.7778,3.6068
3447,87.95,0.0,0.8871,0.1515,0.0,0.0,2.5052,11.2479,3.7666
3448,81.35,0.0,0.8732,0.1537,0.0,0.0,2.3894,10.6539,3.5669
3449,85.1,0.0,0.8918,0.152,0.0,0.0,2.479,11.0903,3.7137
3450,94.58,0.0,0.8939,0.1524,0.0,0.0,2.4854,11.1225,3.7247
3451,93.71,0.0,0.8747,0.1524,0.0,0.0,2.4646,11.1002,3.7189
3452,91.4,0.0,0.9011,0.1522,0.002,0.0,2.5022,11.1761,3.7393
3453,96.92,0.0013,0.9105,0.1539,0.0013,0.0013,2.5272,11.402,3.8191
3454,86.63,0.0,0.8959,0.1524,0.0,0.0,2.5057,11.3092,3.7878
3455,93.36,0.0,0.8968,0.1554,0.0,0.0,2.5038,11.3712,3.8085
3456,89.98,0.0,0.8862,0.1526,0.0,0.0,2.4621,11.0703,3.7054
3457,92.39,0.0,0.9202,0.1552,0.0,0.0,2.5117,11.3899,3.8129
3458,92.21,0.0,0.8885,0.1514,0.0,0.0,2.4929,11.1788,3.7428
3459,90.43,0.003,0.8979,0.1527,0.003,0.003,2.501,11.2982,3.7832
3460,96.95,0.0,0.9133,0.1531,0.0022,0.0,2.5635,11.5431,3.8647
3461,91.87,0.0,0.879,0.1508,0.0,0.0,2.4664,11.0116,3.6858
3462,94.0,0.0,0.8826,0.1513,0.0,0.0,2.5113,11.2634,3.7724
3463,80.91,0.0,0.8703,0.1514,0.0,0.0,2.4094,10.7753,3.6083
3464,91.46,0.0,0.8833,0.1513,0.0,0.0,2.4764,11.0685,3.6986
3465,89.12,0.0025,0.896,0.1535,0.0025,0.0025,2.4708,11.1365,3.7283
3466,87.38,0.0035,0.8718,0.1507,0.0035,0.0035,2.4669,11.0204,3.6902
3467,91.89,0.0,0.9041,0.1511,0.0,0.0,2.5572,11.4133,3.8215
3468,86.97,0.0,0.8649,0.1519,0.0,0.0,2.4253,10.904,3.6516
3469,88.62,0.0,0.8949,0.1503,0.0023,0.0,2.5074,11.1441,3.7265
3470,90.36,0.0,0.8861,0.1515,0.0,0.0,2.5003,11.1821,3.7444
3471,91.9,0.0,0.8763,0.1507,0.0,0.0,2.4618,10.9589,3.67
3472,90.51,0.0015,0.8966,0.1489,0.0015,0.0015,2.5332,11.237,3.7619
3473,92.88,0.0,0.9024,0.1505,0.0,0.0,2.5323,11.3124,3.7869
3474,90.08,0.0,0.9179,0.1516,0.0,0.0,2.5791,11.624,3.893
3475,85.14,0.0021,0.8865,0.1499,0.0021,0.0021,2.4703,11.0159,3.6866
3476,88.49,0.0046,0.876,0.1483,0.0046,0.0046,2.4455,10.9186,3.6552
3477,92.17,0.0,0.8825,0.1502,0.0,0.0,2.4729,11.1527,3.7346
3478,88.34,0.0032,0.9001,0.1518,0.0032,0.0,2.4905,11.1968,3.7444
3479,87.02,0.0,0.8877,0.1515,0.0,0.0,2.4926,11.1559,3.7359
3480,89.19,0.0,0.9028,0.15,0.0,0.0,2.5298,11.349,3.8003
3481,86.29,0.0,0.9047,0.1494,0.0,0.0,2.5301,11.3429,3.7996
3482,88.83,0.0,0.8587,0.1504,0.0,0.0,2.4025,10.836,3.6291
3483,87.82,0.0,0.8938,0.1525,0.0,0.0,2.4609,11.078,3.7083
3484,87.12,0.0,0.8788,0.1507,0.0,0.0,2.4636,11.0623,3.7034
3485,89.2,0.0,0.9077,0.1499,0.0,0.0,2.5109,11.2008,3.7486
3486,90.01,0.0038,0.8846,0.148,0.0038,0.0038,2.4669,10.9811,3.674
3487,89.58,0.0055,0.9262,0.1495,0.0055,0.0055,2.5545,11.4552,3.8327
3488,97.12,0.0018,0.9168,0.1502,0.0018,0.0018,2.5808,11.6245,3.8941
3489,94.89,0.0,0.9136,0.1501,0.0,0.0,2.5689,11.5329,3.8619
3490,94.41,0.0,0.8963,0.1482,0.0032,0.0,2.5324,11.3554,3.8033
3491,87.27,0.0,0.8885,0.1493,0.0,0.0,2.4759,11.149,3.7333
3492,83.29,0.0,0.8653,0.1485,0.0,0.0,2.4361,10.9053,3.6523
3493,88.52,0.0022,0.878,0.1487,0.0022,0.0022,2.429,10.9068,3.6516
3494,93.23,0.0,0.8964,0.1482,0.0,0.0,2.5196,11.253,3.7689
3495,85.26,0.0,0.8806,0.146,0.0026,0.0,2.479,11.0133,3.6857
3496,86.4,0.0021,0.8771,0.1482,0.0021,0.0021,2.4819,11.1321,3.7282
3497,87.25,0.0,0.8883,0.1482,0.0,0.0,2.4902,11.116,3.7207
3498,90.89,0.0,0.8687,0.1475,0.0,0.0,2.4294,10.898,3.6489
3499,87.44,0.0,0.8972,0.1459,0.0025,0.0,2.5507,11.4205,3.8245
3500,84.4,0.0,0.8728,0.1484,0.0,0.0,2.4233,10.8635,3.6357
3501,91.67,0.0,0.8971,0.1496,0.0,0.0,2.4658,11.1149,3.7223
3502,94.2,0.0028,0.8924,0.1492,0.0028,0.0028,2.4745,11.1345,3.7275
3503,86.72,0.0019,0.8779,0.1472,0.0019,0.0019,2.4493,10.9276,3.6574
3504,93.52,0.0,0.863,0.1457,0.0,0.0,2.467,11.0607,3.7046
3505,96.28,0.0,0.9222,0.147,0.0,0.0,2.5599,11.4404,3.8295
3506,90.05,0.0,0.9032,0.1475,0.0,0.0,2.5321,11.3561,3.803
3507,93.92,0.0042,0.9111,0.1467,0.0061,0.0061,2.5504,11.4429,3.8307
3508,90.94,0.0,0.9201,0.1481,0.0,0.0,2.5786,11.6386,3.8981
3509,89.85,0.0,0.9042,0.1467,0.0,0.0,2.5393,11.4178,3.8241
3510,90.85,0.0,0.8873,0.1477,0.0,0.0,2.4781,11.1209,3.7228
3511,93.07,0.0025,0.8897,0.1476,0.0042,0.0,2.4503,10.9291,3.6555
3512,85.51,0.0023,0.8867,0.1465,0.0023,0.0023,2.4466,10.9372,3.6622
3513,92.88,0.0,0.8965,0.1475,0.0023,0.0,2.5244,11.3574,3.8041
3514,98.47,0.0,0.9225,0.1466,0.0,0.0,2.5951,11.6723,3.9093
3515,91.15,0.0,0.9006,0.1481,0.0,0.0,2.4903,11.1613,3.7359
3516,95.33,0.0,0.9042,0.1474,0.0,0.0,2.544,11.4146,3.8225
3517,92.1,0.0,0.9118,0.1476,0.0,0.0,2.5646,11.5127,3.8561
3518,87.62,0.0,0.8797,0.1481,0.0,0.0,2.4362,10.9028,3.6503
3519,89.31,0.0,0.8956,0.1491,0.0,0.0,2.4674,11.0908,3.7105
3520,94.43,0.0,0.9015,0.1489,0.0042,0.0042,2.5003,11.3153,3.7906
3521,94.59,0.0,0.9293,0.147,0.0028,0.0,2.6381,11.8628,3.9725
3522,91.19,0.0,0.9057,0.1464,0.0026,0.0,2.5427,11.4242,3.8261
3523,85.61,0.0018,0.8749,0.1472,0.0018,0.0018,2.4447,11.0215,3.6914
3524,91.28,0.0,0.9091,0.1481,0.0022,0.0,2.5113,11.32,3.7902
3525,94.51,0.003,0.8972,0.1485,0.003,0.0,2.4697,11.1617,3.7286
3526,96.54,0.0,0.9124,0.1495,0.0,0.0,2.5396,11.5041,3.8512
3527,96.0,0.0,0.905,0.1505,0.0,0.0,2.507,11.3613,3.8049
3528,88.93,0.0,0.9112,0.151,0.0,0.0,2.5161,11.4154,3.8237
3529,92.94,0.0028,0.8996,0.1493,0.0028,0.0,2.5062,11.3242,3.7915
3530,94.21,0.0019,0.9005,0.1486,0.0019,0.0019,2.518,11.3593,3.8037
3531,87.37,0.0061,0.8787,0.1473,0.0061,0.0061,2.4434,11.0009,3.6834
3532,93.11,0.0026,0.8983,0.1492,0.0026,0.0026,2.5023,11.3408,3.7974
3533,86.55,0.0,0.9,0.148,0.0022,0.0,2.4845,11.1924,3.7476
3534,89.17,0.0,0.9175,0.148,0.003,0.003,2.5709,11.5256,3.847
3535,92.78,0.0035,0.9123,0.1463,0.0035,0.0035,2.5426,11.3786,3.8073
3536,85.72,0.0,0.8899,0.1498,0.0,0.0,2.4487,11.0503,3.6987
3537,94.12,0.0,0.9191,0.1487,0.0,0.0,2.5766,11.5982,3.8833
3538,92.52,0.003,0.8689,0.148,0.006,0.006,2.4321,10.9187,3.657
3539,87.8,0.0,0.8851,0.1484,0.0,0.0,2.472,11.0834,3.7115
3540,86.12,0.0,0.8885,0.1484,0.0026,0.0,2.4834,11.161,3.7366
3541,90.52,0.0019,0.8965,0.1469,0.0019,0.0019,2.4554,10.9462,3.662
3542,89.96,0.0,0.867,0.1457,0.0,0.0,2.4452,10.9044,3.6531
3543,91.97,0.0,0.8726,0.1447,0.0,0.0,2.4688,10.9727,3.6741
3544,91.15,0.0026,0.8761,0.1459,0.0026,0.0026,2.4643,10.9888,3.6788
3545,90.2,0.0,0.9296,0.1461,0.0018,0.0,2.6113,11.654,3.9024
3546,90.56,0.0,0.9206,0.148,0.0,0.0,2.553,11.4497,3.8327
3547,92.25,0.0,0.9115,0.147,0.0,0.0,2.5506,11.4293,3.8274
3548,93.97,0.0,0.8915,0.145,0.0,0.0,2.5191,11.2135,3.7555
3549,86.98,0.0,0.9145,0.1461,0.0,0.0,2.5403,11.356,3.8026
3550,89.73,0.0026,0.8983,0.1451,0.0026,0.0026,2.4873,11.0422,3.6953
3551,95.13,0.0026,0.9097,0.1436,0.0026,0.0026,2.563,11.3462,3.798
3552,90.59,0.0,0.8735,0.1461,0.0,0.0,2.4474,10.877,3.6426
3553,85.98,0.0025,0.8691,0.1434,0.0025,0.0025,2.4521,10.8466,3.6322
3554,82.69,0.0,0.8693,0.1425,0.0025,0.0,2.4236,10.63,3.5576
3555,88.65,0.0026,0.8811,0.1456,0.0026,0.0026,2.4841,11.067,3.7058
3556,95.91,0.0,0.9058,0.1454,0.0,0.0,2.56,11.4127,3.8212
3557,87.71,0.0,0.8921,0.1469,0.0,0.0,2.5057,11.2131,3.755
3558,87.62,0.0,0.884,0.1457,0.0,0.0,2.5026,11.1431,3.7325
3559,88.31,0.0,0.8919,0.1447,0.0,0.0,2.5277,11.1844,3.7458
3560,92.94,0.0017,0.911,0.1453,0.0017,0.0017,2.5756,11.4197,3.8235
3561,91.05,0.0084,0.9086,0.1435,0.0084,0.0084,2.545,11.1989,3.747
3562,90.23,0.0,0.9055,0.147,0.0026,0.0,2.5524,11.3013,3.7689
3563,93.11,0.0,0.8982,0.146,0.0032,0.0,2.527,11.264,3.7713
3564,87.11,0.0,0.8873,0.1475,0.0,0.0,2.4789,11.0893,3.7147
3565,90.96,0.0,0.9114,0.1449,0.0047,0.0047,2.5328,11.2492,3.7657
3566,89.37,0.0,0.8965,0.1467,0.0,0.0,2.5194,11.2867,3.7802
3567,96.75,0.0,0.9117,0.1452,0.0043,0.0,2.5666,11.4101,3.8193
3568,89.08,0.0,0.9183,0.1445,0.0,0.0,2.5584,11.3754,3.8101
3569,96.73,0.0,0.9011,0.1458,0.0,0.0,2.5602,11.4208,3.8107
3570,96.36,0.0032,0.9204,0.1466,0.0032,0.0032,2.5651,11.47,3.8398
3571,91.32,0.0042,0.9012,0.1447,0.0042,0.0,2.5134,11.1582,3.7337
3572,92.28,0.0084,0.9106,0.1451,0.0084,0.0022,2.5741,11.4923,3.8464
3573,88.02,0.0,0.9053,0.1451,0.0,0.0,2.5557,11.393,3.8148
3574,92.48,0.0026,0.9157,0.1454,0.0026,0.0026,2.5514,11.3618,3.8021
3575,92.09,0.0,0.9322,0.1443,0.0,0.0,2.6137,11.5916,3.8821
3576,89.41,0.0021,0.8868,0.1445,0.0021,0.0021,2.5003,11.1597,3.7372
3577,93.22,0.0023,0.924,0.1426,0.0023,0.0023,2.628,11.6408,3.8993
3578,90.14,0.0,0.9163,0.1462,0.0,0.0,2.5632,11.4569,3.8352
3579,93.14,0.0,0.9258,0.1464,0.0,0.0,2.5647,11.4975,3.8486
3580,83.96,0.0023,0.9246,0.1453,0.0023,0.0023,2.5644,11.3751,3.805
3581,88.66,0.0088,0.887,0.1455,0.0088,0.0088,2.4293,10.8003,3.6114
3582,95.83,0.0017,0.9115,0.1479,0.0017,0.0017,2.5365,11.3983,3.8164
3583,93.62,0.0,0.9302,0.1456,0.0,0.0,2.6031,11.5724,3.8749
3584,94.19,0.0,0.8979,0.1479,0.0025,0.0,2.5184,11.3415,3.7974
3585,89.02,0.0,0.9202,0.1464,0.0,0.0,2.5666,11.4237,3.8237
3586,92.77,0.0046,0.9121,0.1448,0.007,0.007,2.5749,11.4741,3.8412
3587,91.83,0.0,0.8896,0.1438,0.0,0.0,2.4955,11.0754,3.7083
3588,87.64,0.0,0.8918,0.1454,0.0,0.0,2.4988,11.1827,3.7441
3589,90.05,0.0023,0.9023,0.1476,0.0049,0.0023,2.4793,11.0809,3.7077
3590,85.09,0.0,0.8797,0.1478,0.0,0.0,2.4496,10.9991,3.6833
3591,96.26,0.0,0.9284,0.147,0.0,0.0,2.5674,11.5042,3.853
3592,92.74,0.0,0.9223,0.1461,0.0,0.0,2.5694,11.4783,3.8425
3593,96.26,0.0035,0.9033,0.1458,0.0035,0.0035,2.5154,11.2552,3.7677
3594,89.71,0.0,0.9363,0.147,0.0,0.0,2.5904,11.6131,3.8867
3595,87.41,0.0,0.9216,0.1465,0.0,0.0,2.5565,11.4224,3.8244
3596,91.29,0.002,0.9227,0.145,0.002,0.002,2.5816,11.5241,3.8587
3597,89.21,0.0,0.9115,0.1454,0.0028,0.0,2.5541,11.3706,3.8067
3598,90.73,0.0045,0.8952,0.1454,0.0045,0.0045,2.5114,11.1988,3.7386
3599,87.31,0.0044,0.902,0.1458,0.0044,0.0018,2.5058,11.1537,3.7336
3600,85.94,0.0,0.8997,0.1463,0.0,0.0,2.525,11.3014,3.7855
3601,94.62,0.0019,0.8932,0.1481,0.0019,0.0019,2.5066,11.2759,3.7765
3602,95.83,0.0058,0.9258,0.1467,0.0058,0.0058,2.5852,11.6059,3.8855
3603,97.83,0.0,0.897,0.1438,0.0,0.0,2.5602,11.3498,3.8024
3604,86.98,0.0,0.89,0.1453,0.0,0.0,2.4802,11.0272,3.6907
3605,90.55,0.0,0.8974,0.1473,0.0,0.0,2.5082,11.2219,3.7575
3606,90.96,0.0,0.9115,0.1447,0.0025,0.0,2.581,11.4596,3.8359
3607,97.45,0.0045,0.9269,0.1466,0.0045,0.0,2.5827,11.5213,3.8564
3608,93.3,0.0076,0.9098,0.1442,0.0076,0.0076,2.5063,11.1637,3.7351
3609,94.73,0.0,0.8967,0.1449,0.0,0.0,2.5442,11.3018,3.7857
3610,94.05,0.0026,0.9111,0.1444,0.0026,0.0026,2.5533,11.3164,3.7871
3611,89.16,0.0,0.9212,0.1468,0.0,0.0,2.5818,11.5303,3.8627
3612,89.44,0.0031,0.9102,0.145,0.0055,0.0031,2.576,11.4316,3.8279
3613,94.13,0.0,0.8993,0.144,0.0,0.0,2.5349,11.2587,3.7709
3614,92.6,0.0023,0.9087,0.1473,0.01,0.0042,2.5416,11.3868,3.8126
3615,88.5,0.0,0.8906,0.1477,0.0044,0.0,2.4901,11.2763,3.7769
3616,92.14,0.0,0.9158,0.1475,0.0,0.0,2.5469,11.4219,3.825
3617,88.64,0.0,0.8854,0.1453,0.0,0.0,2.4558,10.973,3.6743
3618,89.13,0.0,0.9057,0.1467,0.0,0.0,2.5136,11.3077,3.7857
3619,94.13,0.0051,0.9104,0.1453,0.0051,0.003,2.5285,11.3777,3.8063
3620,91.33,0.0026,0.9133,0.1482,0.0026,0.0,2.5155,11.3967,3.8166
3621,90.82,0.0,0.9073,0.1487,0.0,0.0,2.5159,11.4192,3.8224
3622,90.94,0.0,0.9033,0.1463,0.0,0.0,2.517,11.3164,3.7891
3623,95.15,0.0,0.9073,0.1456,0.0035,0.0,2.5379,11.401,3.8186
3624,97.13,0.0,0.9091,0.146,0.0,0.0,2.5453,11.442,3.8289
3625,95.91,0.0,0.9115,0.1465,0.0,0.0,2.5642,11.5214,3.8594
3626,90.06,0.0,0.9009,0.145,0.0,0.0,2.527,11.2595,3.7712
3627,87.44,0.0021,0.8709,0.1458,0.0021,0.0,2.4164,10.827,3.6243
3628,98.32,0.0,0.8947,0.1459,0.0065,0.002,2.511,11.2404,3.765
3629,93.2,0.0,0.8939,0.1459,0.0,0.0,2.5142,11.2319,3.7611
3630,91.24,0.0,0.9182,0.1472,0.0,0.0,2.5767,11.5874,3.8809
3631,92.16,0.0,0.9134,0.1463,0.0045,0.0022,2.5785,11.6301,3.8957
3632,93.08,0.0,0.9277,0.1462,0.0,0.0,2.6027,11.6273,3.8875
3633,88.68,0.0,0.8984,0.1453,0.0,0.0,2.5083,11.1549,3.7347
3634,82.73,0.0,0.8792,0.1443,0.002,0.0,2.4615,10.9835,3.6771
3635,86.47,0.0019,0.9126,0.1448,0.0083,0.0019,2.5524,11.2924,3.7718
3636,88.76,0.0,0.897,0.1461,0.0,0.0,2.513,11.2367,3.7621
3637,94.56,0.0018,0.9076,0.145,0.004,0.0018,2.5581,11.4093,3.8206
3638,89.69,0.0,0.9141,0.1465,0.0,0.0,2.5343,11.3076,3.7867
3639,95.31,0.0,0.9175,0.1451,0.0028,0.0028,2.6115,11.6751,3.91
3640,90.75,0.0,0.8846,0.1459,0.0,0.0,2.4872,11.0813,3.7106
3641,90.58,0.0,0.885,0.1455,0.0,0.0,2.5108,11.2398,3.7658
3642,90.04,0.0,0.8918,0.1441,0.0,0.0,2.5306,11.2494,3.7611
3643,97.79,0.0062,0.9089,0.1445,0.0062,0.0032,2.5143,11.1937,3.7454
3644,89.82,0.0,0.9111,0.1443,0.002,0.0,2.5385,11.3504,3.7999
3645,95.98,0.0,0.914,0.1444,0.0032,0.0032,2.5656,11.4602,3.8364
3646,92.73,0.0,0.927,0.1427,0.0,0.0,2.5776,11.4652,3.8378
3647,95.74,0.0,0.9195,0.1445,0.0025,0.0025,2.5673,11.4597,3.8371
3648,85.0,0.0023,0.8826,0.1429,0.0069,0.0023,2.4818,11.0318,3.694
3649,91.64,0.0,0.8761,0.1438,0.0,0.0,2.474,10.9849,3.6724
3650,92.16,0.0,0.9192,0.1442,0.0035,0.0,2.5894,11.5531,3.8692
3651,93.59,0.004,0.8919,0.1434,0.004,0.004,2.4867,11.0513,3.702
3652,90.04,0.0023,0.9158,0.1447,0.0023,0.0023,2.5894,11.6162,3.8907
3653,95.04,0.0,0.9045,0.144,0.0,0.0,2.5743,11.4756,3.8435
3654,90.5,0.0064,0.9054,0.1423,0.0064,0.0064,2.5278,11.2327,3.7624
3655,88.14,0.0028,0.8895,0.146,0.0028,0.0028,2.4733,11.0772,3.7107
3656,95.25,0.0,0.9168,0.1468,0.0,0.0,2.5535,11.5818,3.8781
3657,92.67,0.0,0.9172,0.1458,0.0,0.0,2.5289,11.3876,3.8129
3658,90.3,0.0028,0.9254,0.1448,0.0028,0.0028,2.538,11.3597,3.803
3659,92.97,0.0,0.8862,0.1458,0.0,0.0,2.4482,11.0797,3.7098
3660,89.26,0.0,0.9131,0.1468,0.0,0.0,2.5019,11.321,3.7915
3661,87.72,0.0,0.9007,0.146,0.0,0.0,2.4861,11.2581,3.7714
3662,96.65,0.0038,0.9203,0.1433,0.0055,0.0038,2.5324,11.3732,3.8085
3663,87.52,0.0035,0.9054,0.1433,0.0035,0.0035,2.5177,11.2768,3.7749
3664,93.65,0.0023,0.9103,0.1464,0.0023,0.0023,2.5225,11.3628,3.8053
3665,93.29,0.0025,0.9104,0.1463,0.0025,0.0025,2.5403,11.4474,3.8334
3666,84.57,0.0025,0.9071,0.1462,0.0025,0.0025,2.5035,11.3352,3.7963
3667,91.47,0.0022,0.9254,0.1437,0.0022,0.0,2.5786,11.5467,3.8671
3668,95.66,0.0023,0.9278,0.145,0.0107,0.0048,2.6019,11.7066,3.9208
3669,88.35,0.0,0.9022,0.1442,0.0,0.0,2.5274,11.2431,3.7629
3670,98.23,0.0,0.919,0.1461,0.0,0.0,2.5936,11.576,3.8761
3671,93.52,0.0032,0.9076,0.1441,0.0032,0.0032,2.5673,11.3992,3.8171
3672,92.83,0.0035,0.911,0.1451,0.0035,0.0,2.5014,11.1148,3.7204
3673,95.25,0.0,0.9256,0.1428,0.0,0.0,2.6122,11.5932,3.8805
3674,92.27,0.0026,0.905,0.1441,0.0026,0.0026,2.5417,11.3168,3.7882
3675,95.8,0.0035,0.9311,0.1433,0.0035,0.0035,2.6308,11.6871,3.9145
3676,92.0,0.0,0.9034,0.1456,0.0,0.0,2.5294,11.3385,3.7965
3677,91.56,0.0018,0.9129,0.1437,0.0054,0.0018,2.563,11.4422,3.8316
3678,95.13,0.0,0.9093,0.1428,0.0,0.0,2.5781,11.4582,3.8378
3679,95.17,0.0022,0.8964,0.1439,0.0098,0.006,2.4901,11.1371,3.7279
3680,93.89,0.0,0.9067,0.1452,0.0,0.0,2.5529,11.5426,3.8665
3681,88.65,0.0,0.9235,0.1444,0.0,0.0,2.5632,11.5534,3.869
3682,94.41,0.0,0.9209,0.1444,0.0,0.0,2.5807,11.6729,3.9092
3683,90.72,0.0,0.8814,0.1428,0.0023,0.0,2.4843,11.0957,3.7158
3684,93.2,0.0,0.9424,0.1446,0.0,0.0,2.658,11.926,3.9925
3685,90.13,0.0,0.9134,0.1442,0.0018,0.0,2.5847,11.5799,3.8776
3686,92.25,0.0045,0.9138,0.1429,0.0073,0.0045,2.5722,11.4517,3.8336
3687,93.23,0.0,0.9081,0.1442,0.0043,0.0,2.5424,11.3976,3.8182
3688,93.07,0.0,0.9119,0.1433,0.0023,0.0,2.5683,11.5336,3.8629
3689,91.05,0.0,0.9317,0.1449,0.0,0.0,2.6329,11.8289,3.963
3690,95.99,0.0021,0.9198,0.1439,0.0021,0.0021,2.5718,11.5675,3.8739
3691,93.52,0.0,0.8919,0.1433,0.0,0.0,2.5256,11.3187,3.7914
3692,91.19,0.0,0.8933,0.1435,0.0025,0.0,2.5021,11.2276,3.7612
3693,93.86,0.0,0.9124,0.1446,0.0026,0.0,2.5521,11.4709,3.8433
3694,84.95,0.0,0.9102,0.1435,0.0023,0.0,2.5337,11.2772,3.7755
3695,90.7,0.0,0.9064,0.145,0.0,0.0,2.5264,11.3243,3.7945
3696,95.86,0.0,0.9198,0.145,0.0,0.0,2.5702,11.5568,3.8694
3697,90.97,0.0,0.8993,0.1417,0.0042,0.0,2.5604,11.4149,3.8238
3698,92.35,0.0017,0.8831,0.1432,0.0017,0.0017,2.4699,11.0381,3.6949
3699,93.76,0.0,0.9105,0.143,0.0019,0.0019,2.5566,11.437,3.8297
3700,94.11,0.0046,0.9196,0.1421,0.0068,0.0046,2.6224,11.7053,3.9195
3701,95.17,0.0,0.9234,0.1438,0.0,0.0,2.6023,11.6606,3.9054
3702,96.49,0.0025,0.928,0.1416,0.0078,0.0025,2.6268,11.6386,3.8965
3703,96.67,0.0022,0.8944,0.1426,0.0048,0.0,2.5282,11.241,3.7639
3704,89.86,0.0032,0.9088,0.1435,0.0032,0.0032,2.5395,11.2947,3.781
3705,94.39,0.0,0.8887,0.1428,0.0021,0.0021,2.4983,11.1305,3.7257
3706,92.71,0.0,0.9035,0.1437,0.0,0.0,2.5282,11.285,3.78
3707,96.89,0.0049,0.9171,0.1425,0.0084,0.0049,2.5937,11.5901,3.8799
3708,91.68,0.0,0.8974,0.1428,0.0116,0.0032,2.5553,11.4247,3.8261
3709,98.31,0.0025,0.9482,0.1429,0.0054,0.0025,2.6773,11.9756,4.0105
3710,94.62,0.0046,0.9266,0.1438,0.0067,0.0,2.5929,11.6274,3.8919
3711,93.0,0.0028,0.9209,0.1441,0.0069,0.0028,2.5952,11.65,3.9016
3712,92.37,0.0,0.8977,0.1447,0.0,0.0,2.5105,11.2492,3.7669
3713,93.01,0.0018,0.9103,0.1439,0.0036,0.0018,2.5273,11.3458,3.7999
3714,95.81,0.0,0.9344,0.1439,0.0026,0.0,2.6612,11.9752,4.0119
3715,91.79,0.0,0.917,0.1436,0.0021,0.0,2.5807,11.4931,3.8471
3716,96.05,0.0035,0.9408,0.1448,0.005,0.0035,2.6708,12.0235,4.0271
3717,94.33,0.0,0.9246,0.1454,0.0,0.0,2.6122,11.786,3.948
3718,85.42,0.0,0.897,0.1434,0.0026,0.0,2.4968,11.1597,3.7379
3719,94.32,0.0,0.9015,0.1442,0.0,0.0,2.5466,11.3338,3.7953
3720,95.05,0.0,0.9169,0.1443,0.0,0.0,2.5847,11.6336,3.8963
3721,91.18,0.0023,0.8919,0.1442,0.0023,0.0,2.4984,11.1849,3.7445
3722,88.33,0.0032,0.8968,0.1432,0.0074,0.0032,2.5078,11.238,3.7618
3723,92.01,0.0019,0.9005,0.1453,0.0019,0.0019,2.5358,11.3715,3.8025
3724,95.78,0.0,0.9494,0.1446,0.0078,0.0,2.6329,11.8336,3.9628
3725,90.86,0.0,0.9237,0.1445,0.0,0.0,2.6217,11.7932,3.9505
3726,87.27,0.0042,0.9146,0.1454,0.0042,0.0042,2.567,11.6023,3.8866
3727,93.91,0.0025,0.9197,0.1437,0.0025,0.0025,2.5676,11.4778,3.8425
3728,88.44,0.0,0.911,0.1446,0.0054,0.0026,2.53,11.2105,3.7434
3729,91.17,0.0,0.9145,0.1438,0.0,0.0,2.5976,11.613,3.8901
3730,92.47,0.0025,0.9159,0.1437,0.0025,0.0025,2.5784,11.4065,3.8127
3731,86.12,0.0021,0.8911,0.1434,0.0042,0.0021,2.5308,11.2194,3.7438
3732,95.59,0.004,0.9076,0.1423,0.0084,0.004,2.5719,11.4631,3.8372
3733,92.97,0.0,0.9246,0.1444,0.0,0.0,2.6011,11.5736,3.8757
3734,89.05,0.0,0.9001,0.1444,0.0,0.0,2.5178,11.2794,3.7775
3735,91.87,0.0,0.9216,0.1438,0.0,0.0,2.5768,11.5058,3.8531
3736,92.54,0.0,0.8978,0.1452,0.0,0.0,2.5192,11.3351,3.7957
3737,90.21,0.0023,0.8808,0.1412,0.0023,0.0023,2.5067,11.121,3.7233
3738,83.23,0.0032,0.8926,0.1447,0.0058,0.0032,2.4817,11.2278,3.7596
3739,93.15,0.0,0.9301,0.1427,0.0022,0.0,2.6261,11.7559,3.9375
3740,90.51,0.0,0.9252,0.1431,0.0025,0.0,2.6077,11.6927,3.9163
3741,87.24,0.0,0.8906,0.1437,0.0,0.0,2.4888,11.2504,3.7696
3742,92.0,0.0061,0.9305,0.1419,0.0081,0.0061,2.5973,11.5899,3.8801
3743,93.82,0.0,0.9322,0.1427,0.0017,0.0,2.6199,11.7222,3.9261
3744,92.12,0.0044,0.909,0.1412,0.0095,0.0044,2.5459,11.3534,3.8001
3745,94.99,0.0,0.9189,0.1421,0.0,0.0,2.5842,11.6162,3.8905
3746,95.54,0.0,0.9391,0.1432,0.0,0.0,2.6165,11.7272,3.9267
3747,95.21,0.0,0.8958,0.1427,0.0,0.0,2.529,11.353,3.8025
3748,86.63,0.006,0.9126,0.1426,0.0106,0.003,2.5347,11.3436,3.7978
3749,92.03,0.0,0.8858,0.1421,0.0017,0.0,2.4992,11.1726,3.7415
3750,89.88,0.0,0.8842,0.142,0.0,0.0,2.4534,10.9482,3.6672
3751,95.9,0.0019,0.9103,0.1428,0.0049,0.0019,2.5206,11.2343,3.7607
3752,95.9,0.0,0.905,0.1434,0.0022,0.0,2.5356,11.319,3.789
3753,92.52,0.0,0.9121,0.1435,0.0,0.0,2.5455,11.2999,3.785
3754,92.82,0.002,0.9159,0.142,0.0044,0.002,2.5939,11.5205,3.8572
3755,94.91,0.0051,0.9339,0.1427,0.0079,0.0051,2.6387,11.6974,3.9059
3756,95.16,0.0,0.9196,0.1427,0.0,0.0,2.6058,11.6558,3.9043
3757,90.81,0.002,0.9201,0.1432,0.0041,0.002,2.5947,11.6373,3.8968
3758,88.29,0.0,0.9251,0.1433,0.0025,0.0,2.5779,11.4924,3.8481
3759,94.51,0.0,0.9153,0.1438,0.0,0.0,2.5739,11.5856,3.8803
3760,91.78,0.0032,0.9176,0.1428,0.006,0.0032,2.5492,11.351,3.7997
3761,95.44,0.0,0.9357,0.1427,0.0,0.0,2.6384,11.7601,3.9391
3762,94.46,0.0026,0.9016,0.1423,0.0026,0.0026,2.559,11.4021,3.8192
3763,90.21,0.002,0.9224,0.1432,0.002,0.002,2.6192,11.7246,3.9282
3764,94.18,0.0,0.9058,0.1427,0.0,0.0,2.5626,11.4935,3.8507
3765,95.0,0.0028,0.9155,0.1426,0.0028,0.0028,2.5723,11.4524,3.836
3766,91.39,0.0056,0.9351,0.1407,0.0083,0.0056,2.6318,11.7135,3.9218
3767,93.42,0.0,0.927,0.1434,0.0023,0.0,2.617,11.7188,3.9253
3768,95.61,0.0,0.9249,0.1409,0.0023,0.0,2.6123,11.6167,3.8898
3769,98.27,0.0036,0.9164,0.1424,0.0036,0.0036,2.5795,11.5546,3.8684
3770,95.22,0.003,0.9317,0.1428,0.003,0.0,2.6319,11.7716,3.9419
3771,96.71,0.0,0.9331,0.1417,0.0,0.0,2.6211,11.6559,3.9035
3772,90.25,0.0017,0.9116,0.1427,0.0045,0.0,2.5549,11.4302,3.8284
3773,92.08,0.0,0.9307,0.1439,0.0,0.0,2.6338,11.8137,3.9573
3774,93.97,0.0,0.9175,0.1438,0.0,0.0,2.593,11.5428,3.8654
3775,95.59,0.0,0.9223,0.1424,0.0,0.0,2.6326,11.6871,3.9152
3776,94.45,0.0015,0.91,0.1435,0.0015,0.0015,2.5502,11.3416,3.7975
3777,97.99,0.0,0.9425,0.1443,0.0,0.0,2.6615,11.8685,3.9752
3778,97.79,0.0,0.936,0.1448,0.0021,0.0021,2.6239,11.7044,3.9195
3779,92.65,0.0028,0.9163,0.1431,0.0028,0.0028,2.6064,11.6064,3.8872
3780,96.51,0.0032,0.9162,0.1442,0.0053,0.0032,2.5867,11.5174,3.8555
3781,90.9,0.0,0.9099,0.1451,0.0,0.0,2.5839,11.5665,3.8746
3782,92.78,0.0,0.9287,0.1467,0.0,0.0,2.6057,11.7143,3.9242
3783,90.91,0.0,0.9252,0.1451,0.0056,0.0,2.5971,11.5829,3.8787
3784,93.01,0.0,0.9218,0.146,0.0,0.0,2.5819,11.6497,3.9019
3785,94.51,0.0038,0.9314,0.1428,0.0038,0.0038,2.6225,11.6482,3.9004
3786,97.24,0.0021,0.9081,0.144,0.0051,0.0021,2.5637,11.4425,3.8297
3787,95.15,0.0,0.9355,0.1445,0.0,0.0,2.6494,11.821,3.9599
3788,84.88,0.0025,0.8795,0.1429,0.0025,0.0025,2.465,10.9565,3.6691
3789,91.16,0.0,0.9176,0.1424,0.0022,0.0,2.5916,11.4692,3.8407
3790,91.89,0.0,0.9134,0.1423,0.0042,0.0016,2.5848,11.5296,3.8633
3791,94.38,0.0028,0.9381,0.1419,0.0088,0.0028,2.6526,11.7765,3.9423
3792,91.37,0.0,0.895,0.1428,0.0,0.0,2.5194,11.1814,3.7447
3793,96.87,0.0021,0.9242,0.1424,0.0045,0.0021,2.6261,11.6997,3.9171
3794,93.16,0.0046,0.9155,0.1428,0.0046,0.0046,2.573,11.4874,3.8461
3795,87.22,0.0055,0.9008,0.1427,0.0055,0.0023,2.5163,11.2545,3.7668
3796,97.28,0.0,0.9383,0.1448,0.0,0.0,2.644,11.903,3.987
3797,88.26,0.005,0.9088,0.1435,0.005,0.005,2.5706,11.4763,3.8442
3798,93.84,0.002,0.9146,0.144,0.0074,0.002,2.5814,11.5413,3.8643
3799,95.09,0.0,0.9397,0.1424,0.0,0.0,2.6689,11.8328,3.9625
3800,96.63,0.0,0.9426,0.1423,0.0,0.0,2.6906,11.9487,4.0007
3801,92.4,0.0,0.9429,0.1416,0.0,0.0,2.648,11.6442,3.8988
3802,98.16,0.0,0.9188,0.1423,0.0,0.0,2.6106,11.6123,3.8893
3803,96.03,0.0035,0.9251,0.1417,0.0035,0.0035,2.5982,11.4573,3.8358
3804,94.19,0.002,0.9411,0.1433,0.002,0.002,2.633,11.705,3.9183
3805,92.34,0.0019,0.9106,0.1431,0.0019,0.0019,2.5498,11.3604,3.8026
3806,98.79,0.0,0.917,0.1431,0.0,0.0,2.6072,11.5909,3.882
3807,89.99,0.0,0.928,0.1424,0.0051,0.0,2.6179,11.6467,3.899
3808,91.52,0.0032,0.914,0.1459,0.0058,0.0,2.5444,11.4985,3.8501
3809,89.94,0.0023,0.9247,0.1439,0.0042,0.0042,2.5896,11.5572,3.8694
3810,94.26,0.0,0.9141,0.1442,0.0,0.0,2.5925,11.6509,3.9035
3811,95.67,0.0,0.9256,0.1425,0.0,0.0,2.6269,11.7091,3.9211
3812,97.33,0.0,0.9394,0.1428,0.0,0.0,2.6617,11.9062,3.987
3813,94.73,0.0,0.9173,0.1421,0.0,0.0,2.571,11.3456,3.7993
3814,99.58,0.0,0.9173,0.1424,0.0,0.0,2.5972,11.5706,3.8743
3815,99.47,0.0026,0.9242,0.143,0.0026,0.0026,2.6023,11.5641,3.8716
3816,95.54,0.0025,0.9323,0.1438,0.0025,0.0025,2.621,11.6794,3.9121
3817,97.82,0.0,0.9367,0.144,0.0,0.0,2.6248,11.6645,3.9054
3818,96.06,0.003,0.9239,0.1434,0.003,0.003,2.5865,11.5041,3.8504
3819,90.73,0.0057,0.9355,0.1426,0.0119,0.0079,2.618,11.6821,3.9107
3820,89.81,0.0,0.9278,0.143,0.0028,0.0,2.6126,11.5691,3.8741
3821,94.7,0.0015,0.9031,0.144,0.0015,0.0015,2.5525,11.357,3.8028
3822,91.05,0.0,0.9407,0.1426,0.0025,0.0,2.6575,11.7422,3.9305
3823,94.82,0.0,0.9303,0.1438,0.0022,0.0,2.6082,11.6406,3.8968
3824,92.98,0.0,0.9226,0.1427,0.003,0.0,2.5791,11.4242,3.8253
3825,92.18,0.0042,0.9182,0.1451,0.0042,0.0042,2.5929,11.5954,3.8827
3826,91.54,0.0016,0.9362,0.1431,0.0016,0.0016,2.6228,11.6491,3.8999
3827,92.77,0.0,0.9114,0.1436,0.0022,0.0,2.5588,11.4012,3.8178
3828,89.78,0.0026,0.9294,0.1438,0.0026,0.0,2.6115,11.6257,3.8891
3829,87.84,0.0,0.9471,0.1429,0.0,0.0,2.6735,11.8719,3.9756
3830,90.03,0.0,0.9402,0.144,0.0016,0.0,2.634,11.7659,3.9411
3831,93.49,0.0,0.9463,0.1447,0.0,0.0,2.6445,11.8744,3.9754
3832,94.4,0.0084,0.9384,0.143,0.011,0.0084,2.5739,11.4701,3.8382
3833,96.13,0.0,0.9293,0.1451,0.0,0.0,2.5907,11.6937,3.9164
3834,93.31,0.0,0.9274,0.1445,0.0079,0.0,2.5794,11.5714,3.8745
3835,97.06,0.0,0.9318,0.1438,0.0044,0.0,2.5869,11.5897,3.8805
3836,94.12,0.0,0.9335,0.1432,0.0052,0.0,2.6077,11.6787,3.9103
3837,91.48,0.0023,0.9201,0.143,0.0051,0.0023,2.5569,11.4481,3.8336
3838,93.97,0.0,0.932,0.1439,0.0,0.0,2.6142,11.7651,3.941
3839,96.82,0.0,0.9406,0.1442,0.0026,0.0,2.6234,11.8197,3.9586
3840,92.6,0.0,0.9241,0.1426,0.0023,0.0,2.5797,11.5018,3.8535
3841,94.85,0.0,0.9408,0.1432,0.0,0.0,2.6411,11.8939,3.9832
3842,86.35,0.0,0.9154,0.1427,0.0028,0.0,2.5331,11.3404,3.7979
3843,94.93,0.0,0.9279,0.1419,0.0,0.0,2.6015,11.6016,3.8856
3844,97.71,0.0,0.9461,0.1424,0.0035,0.0,2.6455,11.8342,3.9618
3845,93.61,0.0044,0.9224,0.1415,0.0044,0.0044,2.5779,11.4252,3.8248
3846,93.92,0.0,0.9231,0.1421,0.0028,0.0,2.5973,11.5565,3.8708
3847,102.19,0.0,0.9297,0.1422,0.0063,0.0018,2.6059,11.5744,3.8752
3848,94.61,0.0,0.9369,0.1433,0.0,0.0,2.621,11.6838,3.9131
3849,92.16,0.0,0.9502,0.1438,0.0014,0.0,2.6465,11.7971,3.9507
3850,94.97,0.0032,0.935,0.1434,0.0032,0.0032,2.583,11.4584,3.8354
3851,87.11,0.0108,0.9351,0.1417,0.014,0.0108,2.5879,11.4246,3.824
3852,93.74,0.0018,0.9413,0.1425,0.0035,0.0018,2.6627,11.7852,3.9468
3853,97.56,0.0,0.9392,0.1412,0.0,0.0,2.6651,11.7953,3.9506
3854,89.35,0.0023,0.9512,0.1419,0.0023,0.0023,2.7101,11.9585,4.0039
3855,96.98,0.003,0.9464,0.1427,0.0118,0.0076,2.6526,11.7551,3.9365
3856,93.74,0.0,0.9232,0.1433,0.0026,0.0,2.5973,11.4899,3.8481
3857,87.53,0.003,0.9399,0.1433,0.0048,0.003,2.641,11.7122,3.9223
3858,97.67,0.0026,0.9334,0.143,0.0026,0.0026,2.6264,11.5891,3.8718
3859,96.35,0.0,0.9357,0.1422,0.0046,0.002,2.6834,11.8203,3.9506
3860,96.85,0.0022,0.9284,0.1428,0.0054,0.0022,2.5978,11.4814,3.8439
3861,93.06,0.0,0.9253,0.1439,0.0,0.0,2.5784,11.4204,3.8248
3862,96.53,0.0023,0.9272,0.1435,0.0079,0.0023,2.5973,11.5474,3.8665
3863,91.33,0.0,0.9348,0.1408,0.0049,0.0,2.6471,11.6185,3.8906
3864,94.17,0.0,0.9248,0.1431,0.0,0.0,2.5938,11.4687,3.8407
3865,95.07,0.0032,0.9491,0.1427,0.0032,0.0032,2.6612,11.8168,3.9551
3866,89.31,0.0,0.9132,0.144,0.0062,0.0,2.5772,11.5197,3.8576
3867,91.98,0.0091,0.9474,0.143,0.014,0.0067,2.6093,11.6192,3.8881
3868,96.81,0.0,0.9315,0.1442,0.002,0.0,2.6168,11.7022,3.9193
3869,96.03,0.0025,0.9485,0.1431,0.0049,0.0,2.6569,11.8261,3.9541
3870,90.51,0.0,0.9279,0.1425,0.0087,0.0,2.5693,11.4204,3.8237
3871,97.05,0.0,0.9459,0.1422,0.0021,0.0,2.6435,11.753,3.9317
3872,91.81,0.0,0.9302,0.1428,0.0,0.0,2.5615,11.3741,3.807
3873,94.35,0.0025,0.9402,0.1423,0.0143,0.0048,2.6003,11.562,3.8689
3874,97.03,0.0,0.9223,0.1439,0.0,0.0,2.5638,11.5401,3.8625
3875,91.56,0.0,0.9307,0.1419,0.0022,0.0,2.6108,11.5318,3.8593
3876,96.9,0.0,0.9426,0.1426,0.0019,0.0,2.6459,11.7739,3.9417
3877,94.03,0.0057,0.925,0.1427,0.0057,0.0057,2.5485,11.2888,3.776
3878,93.16,0.0,0.9316,0.1432,0.0,0.0,2.5789,11.4742,3.8429
3879,93.47,0.0,0.93,0.145,0.0022,0.0,2.63,11.7825,3.9404
3880,91.91,0.0,0.9411,0.1439,0.0042,0.0,2.6311,11.7158,3.9233
3881,88.15,0.0,0.9019,0.1443,0.0022,0.0,2.4911,11.1256,3.7243
3882,98.25,0.0081,0.9425,0.1439,0.0081,0.0081,2.6416,11.845,3.966
3883,101.68,0.0,0.9511,0.1441,0.003,0.0,2.6505,11.8394,3.9637
3884,89.88,0.0017,0.9104,0.143,0.0017,0.0017,2.5441,11.3107,3.7868
3885,94.05,0.0026,0.9201,0.1428,0.0047,0.0026,2.5965,11.552,3.8695
3886,94.06,0.0,0.9255,0.1423,0.0028,0.0,2.5611,11.2869,3.7778
3887,93.12,0.0026,0.9098,0.1428,0.0046,0.0026,2.5749,11.4099,3.8184
3888,93.6,0.0,0.9199,0.144,0.004,0.0,2.5839,11.5343,3.8636
3889,95.98,0.0021,0.9387,0.1447,0.0047,0.0047,2.6016,11.629,3.8945
3890,88.48,0.0043,0.9349,0.1459,0.0071,0.0043,2.5852,11.5342,3.8629
3891,96.28,0.0,0.9434,0.145,0.0025,0.0,2.6244,11.663,3.9064
3892,90.25,0.0,0.9188,0.1429,0.0035,0.0,2.5744,11.406,3.8209
3893,92.69,0.0,0.9244,0.1448,0.0,0.0,2.5339,11.1728,3.7391
3894,90.28,0.0,0.9288,0.1455,0.0,0.0,2.5891,11.5218,3.8582
3895,89.49,0.0,0.9273,0.1444,0.0,0.0,2.5792,11.4116,3.8193
3896,96.02,0.0,0.9414,0.1444,0.0,0.0,2.6293,11.652,3.9024
3897,95.44,0.0,0.9379,0.1466,0.0,0.0,2.61,11.6706,3.9084
3898,92.94,0.0023,0.932,0.1453,0.0023,0.0,2.5878,11.5439,3.8668
3899,95.16,0.0026,0.9233,0.1448,0.0026,0.0026,2.5821,11.5155,3.857
3900,94.02,0.0,0.9491,0.1454,0.0,0.0,2.6554,11.838,3.9652
3901,96.16,0.004,0.933,0.1431,0.004,0.004,2.6284,11.6424,3.902
3902,93.24,0.0026,0.9429,0.1459,0.0026,0.0,2.6327,11.7833,3.946
3903,94.72,0.0,0.9335,0.1461,0.0026,0.0,2.5956,11.6048,3.8893
3904,95.16,0.0042,0.9375,0.145,0.0057,0.0042,2.5878,11.5345,3.8634
3905,91.95,0.0046,0.9166,0.1444,0.0046,0.0025,2.5182,11.1712,3.7398
3906,96.87,0.0051,0.9404,0.1437,0.0051,0.0051,2.6307,11.7273,3.9285
3907,95.9,0.0028,0.9398,0.1455,0.0028,0.0028,2.6309,11.7668,3.9406
3908,91.49,0.0026,0.9203,0.1457,0.0047,0.0,2.5412,11.3285,3.7939
3909,97.01,0.0026,0.9171,0.1449,0.0026,0.0026,2.5539,11.3754,3.8099
3910,93.1,0.0021,0.9306,0.1458,0.0021,0.0021,2.5972,11.6066,3.8871
3911,92.78,0.0,0.9174,0.1458,0.0,0.0,2.5967,11.521,3.8493
3912,98.26,0.0028,0.9606,0.1444,0.0028,0.0028,2.7052,12.0921,4.0517
3913,98.31,0.0,0.9522,0.1447,0.0,0.0,2.6426,11.7466,3.9316
3914,93.02,0.0,0.9229,0.1425,0.0,0.0,2.601,11.4999,3.8522
3915,92.63,0.0,0.9414,0.1456,0.0046,0.0025,2.6287,11.7737,3.9414
3916,95.96,0.0,0.9251,0.1443,0.0,0.0,2.5752,11.488,3.8475
3917,93.64,0.0022,0.934,0.1424,0.0068,0.0022,2.62,11.596,3.8816
3918,96.52,0.0,0.9438,0.1425,0.0023,0.0,2.6666,11.8234,3.9599
3919,95.74,0.0038,0.9486,0.143,0.0038,0.0038,2.6644,11.7978,3.9509
3920,92.76,0.0,0.9466,0.1443,0.0,0.0,2.6204,11.6416,3.8986
3921,98.23,0.0035,0.9443,0.1418,0.0035,0.0035,2.6531,11.7105,3.9225
3922,95.15,0.0023,0.9301,0.1427,0.0037,0.0014,2.5957,11.4997,3.8523
3923,94.58,0.0,0.9287,0.1436,0.0,0.0,2.6462,11.7419,3.9335
3924,94.44,0.0059,0.9578,0.142,0.0091,0.0037,2.6953,11.8696,3.9676
3925,96.96,0.0017,0.9488,0.1425,0.0017,0.0,2.6926,11.9113,3.9854
3926,98.62,0.0026,0.935,0.1427,0.0026,0.0026,2.643,11.7204,3.9266
3927,86.94,0.003,0.9492,0.141,0.0056,0.0056,2.6575,11.6927,3.916
3928,95.75,0.0,0.9313,0.1437,0.0038,0.0,2.6166,11.649,3.8989
3929,95.13,0.002,0.938,0.1424,0.002,0.002,2.642,11.6555,3.903
3930,94.75,0.0,0.9391,0.1425,0.0025,0.0,2.6328,11.6722,3.9093
3931,96.39,0.0,0.951,0.142,0.0,0.0,2.6925,11.9363,3.9983
3932,94.1,0.0,0.9441,0.1431,0.0022,0.0,2.6616,11.8046,3.9537
3933,89.92,0.0064,0.9404,0.1436,0.0092,0.0064,2.5967,11.5801,3.8768
3934,91.51,0.0,0.9269,0.1435,0.0,0.0,2.5932,11.5168,3.8565
3935,94.24,0.0,0.946,0.1426,0.0,0.0,2.6631,11.7036,3.9216
3936,93.33,0.0028,0.9246,0.1433,0.0028,0.0028,2.5963,11.5692,3.8749
3937,92.07,0.0,0.9275,0.1439,0.0023,0.0,2.5727,11.3942,3.8166
3938,93.84,0.0,0.935,0.1424,0.002,0.0,2.6751,11.8404,3.9542
3939,88.86,0.0,0.9089,0.1438,0.0026,0.0,2.5535,11.3731,3.809
3940,92.53,0.0,0.941,0.1426,0.0,0.0,2.6457,11.686,3.913
3941,96.03,0.0,0.9261,0.144,0.0032,0.0,2.6184,11.6075,3.8866
3942,96.76,0.0,0.9361,0.1438,0.0,0.0,2.6363,11.7015,3.9206
3943,98.28,0.0,0.9604,0.1443,0.0,0.0,2.7259,12.1096,4.057
3944,96.51,0.0,0.9167,0.1444,0.0,0.0,2.5857,11.4989,3.8521
3945,96.01,0.0,0.9516,0.1423,0.0,0.0,2.6703,11.7233,3.9256
3946,94.83,0.0,0.9265,0.1426,0.0042,0.0,2.6484,11.6494,3.9014
3947,93.25,0.0,0.9163,0.1423,0.0038,0.0,2.5668,11.2761,3.7748
3948,95.7,0.0,0.9358,0.1428,0.0,0.0,2.6179,11.5078,3.8526
3949,93.71,0.0,0.9249,0.1422,0.0,0.0,2.5905,11.4035,3.818
3950,96.71,0.0,0.9331,0.1418,0.0065,0.0,2.6508,11.6998,3.9193
3951,89.73,0.0,0.9377,0.141,0.0,0.0,2.6333,11.549,3.868
3952,95.31,0.005,0.9429,0.1413,0.005,0.005,2.6641,11.7424,3.9316
3953,97.71,0.0,0.9482,0.1418,0.0,0.0,2.6594,11.6674,3.9072
3954,88.98,0.0,0.9333,0.1416,0.0,0.0,2.6257,11.511,3.8546
3955,96.3,0.0,0.9443,0.1405,0.0,0.0,2.6959,11.7926,3.949
3956,90.98,0.0,0.9467,0.1409,0.0,0.0,2.6796,11.7763,3.9431
3957,97.18,0.0,0.9591,0.143,0.0,0.0,2.7367,12.1012,4.0546
3958,98.81,0.0,0.9639,0.1418,0.0023,0.0,2.7254,12.0341,4.0287
3959,91.65,0.0,0.9262,0.1408,0.0049,0.0025,2.6426,11.603,3.8764
3960,93.98,0.0025,0.9589,0.1405,0.0025,0.0025,2.7038,11.929,3.9927
3961,94.08,0.0,0.9083,0.1416,0.0,0.0,2.5553,11.3307,3.7954
3962,92.86,0.0015,0.9197,0.1416,0.0038,0.0015,2.5872,11.4411,3.831
3963,95.81,0.0,0.9584,0.1409,0.0,0.0,2.7259,12.0912,4.0517
3964,92.41,0.0023,0.9048,0.1407,0.007,0.0023,2.5702,11.3821,3.8119
3965,93.55,0.0044,0.9415,0.1404,0.0044,0.0025,2.6397,11.7072,3.9205
3966,95.52,0.0,0.9473,0.1401,0.0049,0.0,2.6489,11.7082,3.9196
3967,98.33,0.0,0.9437,0.1401,0.0073,0.0,2.6866,11.846,3.9682
3968,95.46,0.0028,0.9226,0.1429,0.0054,0.0028,2.6049,11.6728,3.9084
3969,95.11,0.0,0.9426,0.1408,0.0025,0.0,2.6789,11.8608,3.9737
3970,91.63,0.0083,0.9259,0.1389,0.0105,0.0083,2.5574,11.2341,3.7609
3971,97.77,0.0,0.9467,0.1423,0.0,0.0,2.6909,11.9698,4.0092
3972,90.47,0.002,0.9296,0.1408,0.011,0.002,2.6153,11.5207,3.8575
3973,93.45,0.0,0.9438,0.1401,0.0121,0.0,2.6781,11.8033,3.9534
3974,90.61,0.0,0.9371,0.14,0.0,0.0,2.6417,11.6178,3.8903
3975,92.72,0.0051,0.9392,0.1395,0.0123,0.0,2.6521,11.6667,3.9063
3976,97.3,0.0,0.9517,0.1398,0.0076,0.0,2.6857,11.8633,3.974
3977,94.77,0.0028,0.9517,0.1387,0.0091,0.0028,2.7051,11.8791,3.976
3978,89.99,0.0058,0.9168,0.1396,0.0141,0.0058,2.5645,11.3086,3.7853
3979,95.77,0.0019,0.9419,0.1423,0.0071,0.0,2.6227,11.6428,3.8971
3980,98.5,0.0,0.9386,0.1411,0.0,0.0,2.6575,11.7168,3.9221
3981,86.85,0.0,0.9406,0.14,0.0017,0.0,2.6454,11.6517,3.9019
3982,96.28,0.0,0.9463,0.1402,0.005,0.0,2.6699,11.7227,3.9248
3983,95.14,0.0,0.9531,0.1413,0.0,0.0,2.6555,11.6406,3.8953
3984,90.86,0.0,0.9358,0.1413,0.0,0.0,2.6388,11.5962,3.8845
3985,97.01,0.0,0.9576,0.1411,0.0,0.0,2.6863,11.8193,3.9599
3986,96.4,0.0,0.9452,0.1408,0.0,0.0,2.6455,11.6431,3.8986
3987,95.87,0.0023,0.951,0.1416,0.0064,0.0023,2.659,11.6941,3.9155
3988,92.7,0.0,0.9367,0.143,0.0068,0.0,2.6295,11.6531,3.9033
3989,94.64,0.0047,0.9683,0.1404,0.0066,0.0047,2.7034,11.9109,3.9887
3990,95.58,0.0,0.936,0.1422,0.0,0.0,2.6542,11.732,3.9301
3991,97.25,0.0035,0.9438,0.1429,0.0061,0.0035,2.6439,11.7542,3.9374
3992,94.26,0.0028,0.9326,0.1417,0.0028,0.0028,2.6444,11.6513,3.9019
3993,92.6,0.0038,0.913,0.1426,0.0038,0.0038,2.5526,11.2952,3.7829
3994,96.27,0.0,0.9348,0.1425,0.0025,0.0,2.6177,11.5554,3.8701
3995,92.57,0.0028,0.9475,0.1423,0.0076,0.0028,2.6281,11.5967,3.8832
3996,94.82,0.0032,0.9468,0.1415,0.0032,0.0032,2.669,11.7933,3.9497
3997,97.31,0.0,0.9464,0.1424,0.0,0.0,2.6708,11.7966,3.9533
3998,93.94,0.0,0.9219,0.1445,0.002,0.0,2.5749,11.5139,3.858
